Score,,,,Team,,,,,,,,,,,,,,,,,,,,,Opponent,,,,,,,,,,,,,,,,,,,,,,,,,
Rk,Gtm,Date,,Opp,Rslt,Tm,Opp,OT,FG,FGA,FG%,3P,3PA,3P%,2P,2PA,2P%,eFG%,FT,FTA,FT%,ORB,DRB,TRB,AST,STL,BLK,TOV,PF,FG,FGA,FG%,3P,3PA,3P%,2P,2PA,2P%,eFG%,FT,FTA,FT%,ORB,DRB,TRB,AST,STL,BLK,TOV,PF
1,1,1990-04-26,,IND,W,104,92,,43,91,0.473,2,3,0.667,41,88,0.466,0.484,16,20,0.8,21,25,46,16,3,5,17,28,33,71,0.465,2,8,0.25,31,63,0.492,0.479,24,27,0.889,8,24,32,21,3,3,15,27
2,2,1990-04-28,,IND,W,100,87,,35,75,0.467,1,5,0.2,34,70,0.486,0.473,29,35,0.829,10,24,34,23,6,4,10,22,37,78,0.474,2,9,0.222,35,69,0.507,0.487,11,16,0.688,13,23,36,16,5,3,17,29
3,3,1990-05-01,@,IND,W,108,96,,44,87,0.506,2,5,0.4,42,82,0.512,0.517,18,24,0.75,13,30,43,25,7,2,7,25,35,79,0.443,1,6,0.167,34,73,0.466,0.449,25,30,0.833,12,29,41,15,3,1,12,21
4,4,1990-05-08,,NYK,W,112,77,,48,92,0.522,3,7,0.429,45,85,0.529,0.538,13,22,0.591,15,38,53,26,8,6,12,17,32,90,0.356,3,9,0.333,29,81,0.358,0.372,10,22,0.455,21,28,49,17,6,5,18,24
5,5,1990-05-10,,NYK,W,104,97,,41,80,0.513,6,9,0.667,35,71,0.493,0.55,16,20,0.8,14,28,42,25,4,3,16,20,39,78,0.5,2,4,0.5,37,74,0.5,0.513,17,22,0.773,12,25,37,28,11,3,12,20
6,6,1990-05-12,@,NYK,L,103,111,,39,89,0.438,4,11,0.364,35,78,0.449,0.461,21,35,0.6,18,22,40,23,10,2,11,24,37,70,0.529,3,9,0.333,34,61,0.557,0.55,34,36,0.944,9,39,48,28,8,5,15,23
7,7,1990-05-13,@,NYK,W,102,90,,45,78,0.577,1,6,0.167,44,72,0.611,0.583,11,15,0.733,12,30,42,25,4,6,14,25,33,81,0.407,1,4,0.25,32,77,0.416,0.414,23,27,0.852,15,18,33,22,6,3,9,24
8,8,1990-05-15,,NYK,W,95,84,,38,82,0.463,2,9,0.222,36,73,0.493,0.476,17,19,0.895,11,33,44,18,7,5,13,22,33,77,0.429,1,6,0.167,32,71,0.451,0.435,17,20,0.85,6,28,34,23,7,4,14,16
9,9,1990-05-20,,CHI,W,86,77,,33,78,0.423,3,8,0.375,30,70,0.429,0.442,17,25,0.68,12,36,48,17,7,7,16,19,31,82,0.378,4,12,0.333,27,70,0.386,0.402,11,16,0.688,7,29,36,16,8,2,15,22
10,10,1990-05-22,,CHI,W,102,93,,34,73,0.466,1,5,0.2,33,68,0.485,0.473,33,43,0.767,11,33,44,20,8,5,19,23,31,76,0.408,3,10,0.3,28,66,0.424,0.428,28,35,0.8,8,27,35,18,7,6,19,34
11,11,1990-05-26,@,CHI,L,102,107,,38,76,0.5,6,13,0.462,32,63,0.508,0.539,20,27,0.741,12,24,36,20,10,3,17,30,39,82,0.476,2,6,0.333,37,76,0.487,0.488,27,34,0.794,21,25,46,18,5,4,18,26
12,12,1990-05-28,@,CHI,L,101,108,,29,78,0.372,3,7,0.429,26,71,0.366,0.391,40,49,0.816,23,29,52,15,10,5,21,32,39,81,0.481,1,7,0.143,38,74,0.514,0.488,29,38,0.763,11,26,37,30,11,8,18,33
13,13,1990-05-30,,CHI,W,97,83,,38,68,0.559,2,6,0.333,36,62,0.581,0.574,19,27,0.704,9,36,45,29,5,1,15,24,28,84,0.333,5,17,0.294,23,67,0.343,0.363,22,27,0.815,15,21,36,18,7,3,9,26
14,14,1990-06-01,@,CHI,L,91,109,,32,85,0.376,0,13,0,32,72,0.444,0.376,27,34,0.794,17,25,42,24,9,4,15,31,36,75,0.48,7,10,0.7,29,65,0.446,0.527,30,34,0.882,9,32,41,22,5,6,17,26
15,15,1990-06-03,,CHI,W,93,74,,37,72,0.514,1,5,0.2,36,67,0.537,0.521,18,22,0.818,9,37,46,21,8,7,12,22,28,90,0.311,2,19,0.105,26,71,0.366,0.322,16,17,0.941,21,24,45,15,4,2,10,21
16,16,1990-06-05,,POR,W,105,99,,34,91,0.374,3,10,0.3,31,81,0.383,0.39,34,46,0.739,19,35,54,16,6,5,13,25,39,85,0.459,3,11,0.273,36,74,0.486,0.476,18,28,0.643,8,38,46,22,7,4,16,35
17,17,1990-06-07,,POR,L,105,106,OT,41,90,0.456,8,14,0.571,33,76,0.434,0.5,15,23,0.652,15,29,44,25,2,7,18,28,36,81,0.444,1,6,0.167,35,75,0.467,0.451,33,41,0.805,9,29,38,17,9,3,11,26
18,18,1990-06-10,@,POR,W,121,106,,43,81,0.531,3,10,0.3,40,71,0.563,0.549,32,41,0.78,10,26,36,19,3,4,14,26,39,93,0.419,2,13,0.154,37,80,0.463,0.43,26,31,0.839,18,24,42,22,7,1,20,38
19,19,1990-06-12,@,POR,W,112,109,,42,91,0.462,7,16,0.438,35,75,0.467,0.5,21,24,0.875,12,27,39,19,8,3,12,30,40,73,0.548,0,5,0,40,68,0.588,0.548,29,39,0.744,8,28,36,22,5,5,18,25
20,20,1990-06-14,@,POR,W,92,90,,37,81,0.457,4,6,0.667,33,75,0.44,0.481,14,23,0.609,16,28,44,15,9,6,18,29,33,78,0.423,5,12,0.417,28,66,0.424,0.455,19,30,0.633,14,26,40,20,8,4,17,25
1,1,1991-04-26,,ATL,L,98,103,,37,96,0.385,3,11,0.273,34,85,0.4,0.401,21,31,0.677,25,26,51,16,4,4,9,24,35,74,0.473,4,8,0.5,31,66,0.47,0.5,29,32,0.906,9,30,39,12,7,2,9,24
2,2,1991-04-28,,ATL,W,101,88,,38,81,0.469,2,7,0.286,36,74,0.486,0.481,23,34,0.676,17,33,50,20,6,4,15,26,29,81,0.358,3,14,0.214,26,67,0.388,0.377,27,32,0.844,15,24,39,14,6,4,13,27
3,3,1991-04-30,@,ATL,W,103,91,,38,80,0.475,8,14,0.571,30,66,0.455,0.525,19,23,0.826,12,35,47,28,1,5,12,22,35,86,0.407,3,13,0.231,32,73,0.438,0.424,18,25,0.72,13,29,42,22,5,3,5,20
4,4,1991-05-02,@,ATL,L,111,123,,46,96,0.479,5,13,0.385,41,83,0.494,0.505,14,22,0.636,20,22,42,27,9,4,13,31,39,81,0.481,1,5,0.2,38,76,0.5,0.488,44,51,0.863,19,32,51,22,8,3,13,20
5,5,1991-05-05,,ATL,W,113,81,,44,90,0.489,5,14,0.357,39,76,0.513,0.517,20,28,0.714,15,39,54,32,4,5,14,26,27,91,0.297,2,12,0.167,25,79,0.316,0.308,25,32,0.781,19,31,50,14,7,2,13,26
6,6,1991-05-07,@,BOS,W,86,75,,33,86,0.384,0,6,0,33,80,0.413,0.384,20,27,0.741,17,38,55,19,5,5,10,16,28,71,0.394,0,2,0,28,69,0.406,0.394,19,24,0.792,7,33,40,10,7,5,16,20
7,7,1991-05-09,@,BOS,L,103,109,,40,100,0.4,3,11,0.273,37,89,0.416,0.415,20,22,0.909,17,30,47,19,5,4,4,26,40,82,0.488,1,1,1,39,81,0.481,0.494,28,36,0.778,11,36,47,22,3,5,9,20
8,8,1991-05-11,,BOS,L,83,115,,33,99,0.333,0,7,0,33,92,0.359,0.333,17,36,0.472,22,28,50,17,6,4,6,22,46,86,0.535,3,7,0.429,43,79,0.544,0.552,20,30,0.667,16,42,58,28,3,4,12,24
9,9,1991-05-13,,BOS,W,104,97,,32,72,0.444,2,6,0.333,30,66,0.455,0.458,38,51,0.745,15,35,50,13,2,5,9,20,40,80,0.5,0,3,0,40,77,0.519,0.5,17,26,0.654,3,27,30,18,5,1,5,29
10,10,1991-05-15,@,BOS,W,116,111,,43,85,0.506,1,4,0.25,42,81,0.519,0.512,29,33,0.879,11,22,33,24,4,5,7,21,41,85,0.482,1,7,0.143,40,78,0.513,0.488,28,30,0.933,18,25,43,24,4,4,10,26
11,11,1991-05-17,,BOS,W,117,113,OT,49,98,0.5,5,13,0.385,44,85,0.518,0.526,14,22,0.636,19,34,53,31,2,2,10,28,43,92,0.467,1,2,0.5,42,90,0.467,0.473,26,32,0.813,13,25,38,18,4,3,7,20
12,12,1991-05-19,@,CHI,L,83,94,,32,76,0.421,6,13,0.462,26,63,0.413,0.461,13,15,0.867,10,16,26,19,6,3,15,28,33,66,0.5,1,5,0.2,32,61,0.525,0.508,27,37,0.73,12,31,43,23,11,9,14,25
13,13,1991-05-21,@,CHI,L,97,105,,37,73,0.507,3,10,0.3,34,63,0.54,0.527,20,25,0.8,7,24,31,17,12,6,16,35,34,70,0.486,3,7,0.429,31,63,0.492,0.507,34,45,0.756,15,21,36,26,9,5,15,20
14,14,1991-05-25,,CHI,L,107,113,,40,85,0.471,1,7,0.143,39,78,0.5,0.476,26,36,0.722,21,18,39,13,8,2,15,33,42,73,0.575,1,4,0.25,41,69,0.594,0.582,28,35,0.8,12,27,39,21,9,9,14,30
15,15,1991-05-27,,CHI,L,94,115,,35,82,0.427,2,9,0.222,33,73,0.452,0.439,22,27,0.815,17,26,43,16,6,1,14,30,42,84,0.5,2,7,0.286,40,77,0.519,0.512,29,43,0.674,18,28,46,28,8,4,8,25
1,1,1992-04-24,@,NYK,L,75,109,,31,71,0.437,1,3,0.333,30,68,0.441,0.444,12,15,0.8,6,17,23,23,10,4,22,22,42,83,0.506,4,7,0.571,38,76,0.5,0.53,21,26,0.808,18,32,50,27,15,4,20,22
2,2,1992-04-26,@,NYK,W,89,88,,34,70,0.486,3,9,0.333,31,61,0.508,0.507,18,25,0.72,7,30,37,19,2,4,8,18,35,91,0.385,2,7,0.286,33,84,0.393,0.396,16,20,0.8,20,29,49,23,2,6,5,21
3,3,1992-04-28,,NYK,L,87,90,OT,32,85,0.376,2,9,0.222,30,76,0.395,0.388,21,27,0.778,15,28,43,22,8,3,11,22,34,87,0.391,2,9,0.222,32,78,0.41,0.402,20,25,0.8,19,30,49,19,7,5,15,24
4,4,1992-05-01,,NYK,W,86,82,,32,76,0.421,2,6,0.333,30,70,0.429,0.434,20,25,0.8,10,27,37,24,6,4,15,27,27,70,0.386,4,14,0.286,23,56,0.411,0.414,24,34,0.706,12,29,41,20,5,6,15,27
5,5,1992-05-03,@,NYK,L,87,94,,29,75,0.387,4,12,0.333,25,63,0.397,0.413,25,34,0.735,16,28,44,20,3,8,15,28,35,87,0.402,2,9,0.222,33,78,0.423,0.414,22,33,0.667,23,30,53,18,7,4,13,28
1,1,1996-04-26,@,ORL,L,92,112,,37,76,0.487,5,18,0.278,32,58,0.552,0.52,13,18,0.722,12,24,36,18,2,2,12,25,41,74,0.554,10,17,0.588,31,57,0.544,0.622,20,31,0.645,11,24,35,34,3,6,8,19
2,2,1996-04-28,@,ORL,L,77,92,,29,69,0.42,5,12,0.417,24,57,0.421,0.457,14,21,0.667,14,24,38,9,3,1,14,19,38,73,0.521,7,18,0.389,31,55,0.564,0.568,9,18,0.5,10,27,37,26,8,5,11,19
3,3,1996-04-30,,ORL,L,98,101,,32,71,0.451,5,20,0.25,27,51,0.529,0.486,29,35,0.829,10,23,33,16,3,2,14,30,35,73,0.479,7,18,0.389,28,55,0.509,0.527,24,34,0.706,13,27,40,17,6,3,15,32
1,1,1997-04-25,@,ATL,L,75,89,,30,74,0.405,4,17,0.235,26,57,0.456,0.432,11,18,0.611,12,22,34,15,7,2,8,21,31,68,0.456,4,15,0.267,27,53,0.509,0.485,23,24,0.958,10,31,41,12,1,1,11,18
2,2,1997-04-27,@,ATL,W,93,80,,32,71,0.451,6,16,0.375,26,55,0.473,0.493,23,25,0.92,9,25,34,11,11,3,13,20,31,70,0.443,6,23,0.261,25,47,0.532,0.486,12,15,0.8,11,23,34,18,7,4,19,20
3,3,1997-04-29,,ATL,W,99,91,,39,74,0.527,8,14,0.571,31,60,0.517,0.581,13,17,0.765,3,18,21,18,7,3,8,19,33,66,0.5,5,23,0.217,28,43,0.651,0.538,20,25,0.8,9,32,41,17,5,6,20,20
4,4,1997-05-02,,ATL,L,82,94,,29,74,0.392,4,14,0.286,25,60,0.417,0.419,20,27,0.741,7,28,35,13,4,4,11,19,33,75,0.44,8,26,0.308,25,49,0.51,0.493,20,25,0.8,12,38,50,19,4,2,17,21
5,5,1997-05-04,@,ATL,L,79,84,,32,81,0.395,6,24,0.25,26,57,0.456,0.432,9,12,0.75,12,23,35,11,6,0,8,22,29,67,0.433,6,23,0.261,23,44,0.523,0.478,20,28,0.714,9,34,43,17,5,10,13,15
1,1,1999-05-08,@,ATL,L,70,90,,28,75,0.373,1,6,0.167,27,69,0.391,0.38,13,16,0.813,12,29,41,13,7,2,15,19,36,77,0.468,6,14,0.429,30,63,0.476,0.506,12,15,0.8,8,28,36,18,13,8,10,14
2,2,1999-05-10,@,ATL,L,69,89,,28,72,0.389,2,7,0.286,26,65,0.4,0.403,11,15,0.733,11,24,35,15,8,2,13,19,37,79,0.468,4,12,0.333,33,67,0.493,0.494,11,13,0.846,12,29,41,15,10,4,12,15
3,3,1999-05-12,,ATL,W,79,63,,31,76,0.408,4,11,0.364,27,65,0.415,0.434,13,17,0.765,18,23,41,13,5,1,10,25,24,64,0.375,5,17,0.294,19,47,0.404,0.414,10,17,0.588,8,21,29,15,4,7,15,22
4,4,1999-05-14,,ATL,W,103,82,,43,79,0.544,7,13,0.538,36,66,0.545,0.589,10,11,0.909,7,26,33,26,6,1,11,23,28,66,0.424,9,19,0.474,19,47,0.404,0.492,17,23,0.739,11,22,33,15,4,2,21,20
5,5,1999-05-16,@,ATL,L,75,87,,31,73,0.425,3,10,0.3,28,63,0.444,0.445,10,13,0.769,8,18,26,22,10,3,10,27,31,65,0.477,4,12,0.333,27,53,0.509,0.508,21,29,0.724,11,31,42,18,6,2,15,15
1,1,2000-04-22,@,MIA,L,85,95,,29,67,0.433,6,10,0.6,23,57,0.404,0.478,21,32,0.656,9,28,37,18,4,1,18,26,34,73,0.466,7,13,0.538,27,60,0.45,0.514,20,24,0.833,7,28,35,21,9,11,12,29
2,2,2000-04-25,@,MIA,L,82,84,,32,68,0.471,4,11,0.364,28,57,0.491,0.5,14,18,0.778,3,29,32,15,4,2,15,21,32,71,0.451,4,14,0.286,28,57,0.491,0.479,16,24,0.667,9,33,42,22,11,5,17,26
3,3,2000-04-29,,MIA,L,72,91,,23,73,0.315,3,14,0.214,20,59,0.339,0.336,23,31,0.742,6,28,34,11,10,2,18,27,37,71,0.521,3,7,0.429,34,64,0.531,0.542,14,25,0.56,9,38,47,21,8,6,22,34
1,1,2002-04-21,,TOR,W,85,63,,31,77,0.403,4,19,0.211,27,58,0.466,0.429,19,21,0.905,10,36,46,17,12,5,15,23,23,77,0.299,2,12,0.167,21,65,0.323,0.312,15,24,0.625,14,33,47,16,10,5,20,25
2,2,2002-04-24,,TOR,W,96,91,,30,74,0.405,9,21,0.429,21,53,0.396,0.466,27,33,0.818,11,22,33,19,6,7,9,17,38,80,0.475,4,10,0.4,34,70,0.486,0.5,11,16,0.688,14,36,50,24,6,6,13,24
3,3,2002-04-27,@,TOR,L,84,94,,29,62,0.468,9,19,0.474,20,43,0.465,0.54,17,21,0.81,10,22,32,17,7,6,23,22,37,75,0.493,1,8,0.125,36,67,0.537,0.5,19,20,0.95,12,20,32,25,14,5,15,20
4,4,2002-04-29,@,TOR,L,83,89,,28,73,0.384,9,20,0.45,19,53,0.358,0.445,18,23,0.783,11,25,36,16,6,4,16,24,35,82,0.427,3,11,0.273,32,71,0.451,0.445,16,22,0.727,13,30,43,22,6,6,14,22
5,5,2002-05-02,,TOR,W,85,82,,31,70,0.443,4,15,0.267,27,55,0.491,0.471,19,32,0.594,10,26,36,22,9,4,12,20,30,72,0.417,7,12,0.583,23,60,0.383,0.465,15,21,0.714,9,31,40,18,4,4,18,26
6,6,2002-05-05,,BOS,W,96,84,,37,73,0.507,12,25,0.48,25,48,0.521,0.589,10,12,0.833,7,29,36,24,7,10,16,20,30,80,0.375,6,19,0.316,24,61,0.393,0.413,18,21,0.857,14,28,42,11,12,0,14,16
7,7,2002-05-08,,BOS,L,77,85,,27,82,0.329,12,29,0.414,15,53,0.283,0.402,11,18,0.611,8,27,35,18,4,5,6,20,33,75,0.44,6,18,0.333,27,57,0.474,0.48,13,16,0.813,11,42,53,16,3,4,14,16
8,8,2002-05-10,@,BOS,L,64,66,,24,69,0.348,2,20,0.1,22,49,0.449,0.362,14,21,0.667,8,34,42,13,9,2,20,17,27,78,0.346,2,19,0.105,25,59,0.424,0.359,10,12,0.833,10,32,42,13,11,4,18,22
9,9,2002-05-12,@,BOS,L,79,90,,28,75,0.373,11,31,0.355,17,44,0.386,0.447,12,22,0.545,11,30,41,20,8,6,18,27,31,71,0.437,6,19,0.316,25,52,0.481,0.479,22,27,0.815,8,35,43,21,9,6,16,21
10,10,2002-05-14,,BOS,L,81,90,,29,81,0.358,8,27,0.296,21,54,0.389,0.407,15,21,0.714,10,30,40,21,4,7,11,20,34,73,0.466,7,17,0.412,27,56,0.482,0.514,15,18,0.833,5,36,41,18,7,3,14,25
1,1,2003-04-20,,ORL,L,94,99,,24,76,0.316,6,22,0.273,18,54,0.333,0.355,40,47,0.851,9,34,43,15,8,3,8,20,36,76,0.474,5,11,0.455,31,65,0.477,0.507,22,25,0.88,8,36,44,18,3,6,11,35
2,2,2003-04-23,,ORL,W,89,77,,31,73,0.425,4,14,0.286,27,59,0.458,0.452,23,32,0.719,12,35,47,20,7,8,18,24,27,68,0.397,4,17,0.235,23,51,0.451,0.426,19,21,0.905,5,25,30,15,7,1,15,29
3,3,2003-04-25,@,ORL,L,80,89,,29,74,0.392,3,15,0.2,26,59,0.441,0.412,19,29,0.655,13,27,40,19,6,5,18,26,33,69,0.478,6,13,0.462,27,56,0.482,0.522,17,28,0.607,8,27,35,18,8,7,15,30
4,4,2003-04-27,@,ORL,L,92,100,,33,80,0.413,9,18,0.5,24,62,0.387,0.469,17,22,0.773,18,25,43,16,11,3,17,28,32,64,0.5,7,16,0.438,25,48,0.521,0.555,29,42,0.69,6,28,34,20,7,4,15,23
5,5,2003-04-30,,ORL,W,98,67,,35,80,0.438,5,23,0.217,30,57,0.526,0.469,23,28,0.821,16,29,45,19,8,8,10,21,24,75,0.32,5,18,0.278,19,57,0.333,0.353,14,17,0.824,17,26,43,10,5,4,20,31
6,6,2003-05-02,@,ORL,W,103,88,,32,74,0.432,7,23,0.304,25,51,0.49,0.48,32,51,0.627,12,33,45,13,9,5,10,27,32,81,0.395,2,18,0.111,30,63,0.476,0.407,22,28,0.786,11,36,47,13,5,2,17,36
7,7,2003-05-04,,ORL,W,108,93,,40,73,0.548,8,19,0.421,32,54,0.593,0.603,20,26,0.769,8,27,35,28,10,6,14,22,33,79,0.418,7,21,0.333,26,58,0.448,0.462,20,22,0.909,14,20,34,18,2,4,14,25
8,8,2003-05-06,,PHI,W,98,87,,32,71,0.451,8,24,0.333,24,47,0.511,0.507,26,32,0.813,12,26,38,18,10,8,12,25,32,68,0.471,3,9,0.333,29,59,0.492,0.493,20,26,0.769,8,27,35,18,4,1,17,26
9,9,2003-05-08,,PHI,W,104,97,OT,36,75,0.48,11,22,0.5,25,53,0.472,0.553,21,35,0.6,9,26,35,16,6,4,13,24,40,88,0.455,3,12,0.25,37,76,0.487,0.472,14,20,0.7,16,32,48,20,6,5,17,28
10,10,2003-05-10,@,PHI,L,83,93,,26,72,0.361,10,21,0.476,16,51,0.314,0.431,21,26,0.808,12,18,30,17,12,4,12,23,32,72,0.444,3,9,0.333,29,63,0.46,0.465,26,29,0.897,16,32,48,17,5,0,18,23
11,11,2003-05-11,@,PHI,L,82,95,,29,68,0.426,6,21,0.286,23,47,0.489,0.471,18,23,0.783,10,27,37,20,4,2,19,23,37,71,0.521,2,8,0.25,35,63,0.556,0.535,19,27,0.704,5,29,34,21,13,4,8,22
12,12,2003-05-14,,PHI,W,78,77,,29,74,0.392,8,22,0.364,21,52,0.404,0.446,12,17,0.706,7,30,37,18,6,11,12,21,29,79,0.367,4,7,0.571,25,72,0.347,0.392,15,20,0.75,15,36,51,17,7,4,15,19
13,13,2003-05-16,@,PHI,W,93,89,OT,27,79,0.342,8,29,0.276,19,50,0.38,0.392,31,38,0.816,13,31,44,16,12,6,11,29,33,79,0.418,4,9,0.444,29,70,0.414,0.443,19,22,0.864,11,40,51,16,4,2,17,32
14,14,2003-05-18,,NJN,L,74,76,,25,71,0.352,4,12,0.333,21,59,0.356,0.38,20,30,0.667,8,35,43,13,5,4,13,18,31,78,0.397,1,10,0.1,30,68,0.441,0.404,13,19,0.684,9,39,48,18,10,7,14,29
15,15,2003-05-20,,NJN,L,86,88,,29,68,0.426,5,14,0.357,24,54,0.444,0.463,23,34,0.676,7,29,36,16,7,8,12,23,33,84,0.393,3,8,0.375,30,76,0.395,0.411,19,24,0.792,19,32,51,14,6,1,15,25
16,16,2003-05-22,@,NJN,L,85,97,,29,73,0.397,5,11,0.455,24,62,0.387,0.432,22,28,0.786,9,30,39,20,6,9,18,26,34,82,0.415,4,8,0.5,30,74,0.405,0.439,25,37,0.676,19,31,50,19,12,9,11,26
17,17,2003-05-24,@,NJN,L,82,102,,28,74,0.378,7,14,0.5,21,60,0.35,0.426,19,24,0.792,8,19,27,18,9,6,11,19,42,79,0.532,4,10,0.4,38,69,0.551,0.557,14,16,0.875,13,38,51,27,6,3,17,24
1,1,2004-04-18,,MIL,W,108,82,,39,91,0.429,6,18,0.333,33,73,0.452,0.462,24,31,0.774,19,33,52,23,14,8,13,19,32,75,0.427,4,16,0.25,28,59,0.475,0.453,14,17,0.824,7,31,38,20,7,5,25,27
2,2,2004-04-21,,MIL,L,88,92,,33,82,0.402,6,25,0.24,27,57,0.474,0.439,16,21,0.762,13,24,37,25,10,7,13,26,32,73,0.438,6,12,0.5,26,61,0.426,0.479,22,31,0.71,16,32,48,19,7,5,20,23
3,3,2004-04-24,@,MIL,W,95,85,,33,72,0.458,5,12,0.417,28,60,0.467,0.493,24,33,0.727,9,43,52,14,4,10,18,24,30,81,0.37,6,21,0.286,24,60,0.4,0.407,19,26,0.731,7,29,36,22,9,6,7,28
4,4,2004-04-26,@,MIL,W,109,92,,41,72,0.569,7,15,0.467,34,57,0.596,0.618,20,21,0.952,6,27,33,31,11,10,12,18,37,82,0.451,6,14,0.429,31,68,0.456,0.488,12,18,0.667,15,23,38,23,10,2,16,14
5,5,2004-04-29,,MIL,W,91,77,,38,83,0.458,3,14,0.214,35,69,0.507,0.476,12,20,0.6,18,34,52,27,9,5,14,16,31,78,0.397,2,9,0.222,29,69,0.42,0.41,13,16,0.813,11,25,36,19,8,3,14,20
6,6,2004-05-03,,NJN,W,78,56,,30,63,0.476,4,12,0.333,26,51,0.51,0.508,14,21,0.667,5,43,48,21,7,7,19,22,19,70,0.271,5,18,0.278,14,52,0.269,0.307,13,21,0.619,7,22,29,12,7,4,12,23
7,7,2004-05-07,,NJN,W,95,80,,34,78,0.436,6,13,0.462,28,65,0.431,0.474,21,24,0.875,13,27,40,21,9,8,12,22,31,72,0.431,3,15,0.2,28,57,0.491,0.451,15,23,0.652,15,27,42,18,4,5,20,25
8,8,2004-05-09,@,NJN,L,64,82,,22,76,0.289,0,10,0,22,66,0.333,0.289,20,26,0.769,19,26,45,10,6,7,18,25,29,70,0.414,4,15,0.267,25,55,0.455,0.443,20,26,0.769,11,37,48,22,11,7,20,30
9,9,2004-05-11,@,NJN,L,79,94,,24,65,0.369,2,11,0.182,22,54,0.407,0.385,29,37,0.784,9,24,33,16,9,5,16,26,35,80,0.438,4,15,0.267,31,65,0.477,0.463,20,28,0.714,20,29,49,24,7,6,16,33
10,10,2004-05-14,,NJN,L,120,127,3OT,42,111,0.378,6,25,0.24,36,86,0.419,0.405,30,42,0.714,19,34,53,28,16,8,17,41,37,86,0.43,11,24,0.458,26,62,0.419,0.494,42,55,0.764,12,44,56,24,8,9,28,42
11,11,2004-05-16,@,NJN,W,81,75,,32,73,0.438,5,12,0.417,27,61,0.443,0.473,12,22,0.545,15,31,46,16,8,9,20,23,27,68,0.397,2,14,0.143,25,54,0.463,0.412,19,26,0.731,9,22,31,19,14,4,16,23
12,12,2004-05-20,,NJN,W,90,69,,34,85,0.4,8,21,0.381,26,64,0.406,0.447,14,18,0.778,8,34,42,23,5,4,9,20,24,67,0.358,3,16,0.188,21,51,0.412,0.381,18,25,0.72,6,35,41,17,6,4,16,20
13,13,2004-05-22,@,IND,L,74,78,,30,73,0.411,2,12,0.167,28,61,0.459,0.425,12,15,0.8,13,34,47,21,5,9,19,21,28,83,0.337,4,15,0.267,24,68,0.353,0.361,18,23,0.783,16,25,41,14,12,7,11,19
14,14,2004-05-24,@,IND,W,72,67,,23,66,0.348,2,5,0.4,21,61,0.344,0.364,24,34,0.706,7,35,42,15,10,19,14,26,22,80,0.275,3,20,0.15,19,60,0.317,0.294,20,24,0.833,14,37,51,8,5,7,17,30
15,15,2004-05-26,,IND,W,85,78,,30,68,0.441,1,10,0.1,29,58,0.5,0.449,24,32,0.75,7,31,38,19,5,7,18,25,25,72,0.347,5,19,0.263,20,53,0.377,0.382,23,27,0.852,10,27,37,12,10,4,14,31
16,16,2004-05-28,,IND,L,68,83,,24,78,0.308,5,19,0.263,19,59,0.322,0.34,15,23,0.652,19,30,49,13,4,4,13,21,32,70,0.457,8,16,0.5,24,54,0.444,0.514,11,14,0.786,5,36,41,15,6,6,13,27
17,17,2004-05-30,@,IND,W,83,65,,29,70,0.414,4,10,0.4,25,60,0.417,0.443,21,23,0.913,10,36,46,18,6,13,15,22,25,76,0.329,4,21,0.19,21,55,0.382,0.355,11,18,0.611,11,31,42,19,9,12,10,20
18,18,2004-06-01,,IND,W,69,65,,27,82,0.329,4,9,0.444,23,73,0.315,0.354,11,15,0.733,15,33,48,17,7,4,13,18,24,66,0.364,6,21,0.286,18,45,0.4,0.409,11,15,0.733,6,35,41,17,7,7,15,20
19,19,2004-06-06,@,LAL,W,87,75,,30,65,0.462,6,12,0.5,24,53,0.453,0.508,21,30,0.7,9,27,36,19,9,4,14,17,29,73,0.397,3,13,0.231,26,60,0.433,0.418,14,18,0.778,13,24,37,15,8,4,16,25
20,20,2004-06-08,@,LAL,L,91,99,OT,32,81,0.395,6,12,0.5,26,69,0.377,0.432,21,31,0.677,19,27,46,19,6,6,17,23,38,80,0.475,6,17,0.353,32,63,0.508,0.513,17,25,0.68,9,29,38,28,7,3,14,27
21,21,2004-06-10,,LAL,W,88,68,,31,76,0.408,5,15,0.333,26,61,0.426,0.441,21,30,0.7,15,36,51,17,11,4,12,16,27,74,0.365,6,27,0.222,21,47,0.447,0.405,8,13,0.615,7,32,39,19,7,4,16,28
22,22,2004-06-13,,LAL,W,88,80,,29,68,0.426,2,13,0.154,27,55,0.491,0.441,28,41,0.683,9,36,45,16,5,4,13,20,33,78,0.423,3,16,0.188,30,62,0.484,0.442,11,22,0.5,9,29,38,23,4,1,10,35
23,23,2004-06-15,,LAL,W,100,87,,35,76,0.461,2,14,0.143,33,62,0.532,0.474,28,39,0.718,20,30,50,18,8,2,13,27,31,75,0.413,4,16,0.25,27,59,0.458,0.44,21,33,0.636,14,22,36,18,10,2,12,27
1,1,2005-04-23,,PHI,W,106,85,,42,81,0.519,6,16,0.375,36,65,0.554,0.556,16,24,0.667,12,36,48,24,9,10,15,19,31,77,0.403,7,20,0.35,24,57,0.421,0.448,16,20,0.8,9,26,35,19,9,5,15,18
2,2,2005-04-26,,PHI,W,99,84,,36,72,0.5,6,17,0.353,30,55,0.545,0.542,21,23,0.913,6,40,46,22,7,10,18,21,32,87,0.368,4,18,0.222,28,69,0.406,0.391,16,21,0.762,10,25,35,21,12,3,12,21
3,3,2005-04-29,@,PHI,L,104,115,,37,73,0.507,9,22,0.409,28,51,0.549,0.568,21,25,0.84,11,25,36,27,3,2,15,20,43,78,0.551,11,20,0.55,32,58,0.552,0.622,18,25,0.72,10,20,30,24,10,4,7,23
4,4,2005-05-01,@,PHI,W,97,92,OT,34,79,0.43,9,20,0.45,25,59,0.424,0.487,20,24,0.833,12,27,39,20,9,5,20,20,36,84,0.429,8,23,0.348,28,61,0.459,0.476,12,16,0.75,11,30,41,20,9,4,16,23
5,5,2005-05-03,,PHI,W,88,78,,32,80,0.4,2,15,0.133,30,65,0.462,0.413,22,27,0.815,14,32,46,20,5,5,14,18,32,72,0.444,3,16,0.188,29,56,0.518,0.465,11,20,0.55,8,25,33,15,3,4,14,24
6,6,2005-05-09,,IND,W,96,81,,34,73,0.466,4,12,0.333,30,61,0.492,0.493,24,40,0.6,11,34,45,20,10,7,10,22,30,76,0.395,3,12,0.25,27,64,0.422,0.414,18,24,0.75,10,32,42,11,7,5,18,29
7,7,2005-05-11,,IND,L,83,92,,32,77,0.416,6,17,0.353,26,60,0.433,0.455,13,19,0.684,10,33,43,23,2,8,15,16,37,95,0.389,7,24,0.292,30,71,0.423,0.426,11,14,0.786,19,33,52,21,11,8,10,17
8,8,2005-05-13,@,IND,L,74,79,,24,65,0.369,3,16,0.188,21,49,0.429,0.392,23,28,0.821,9,33,42,17,7,7,18,23,26,72,0.361,4,17,0.235,22,55,0.4,0.389,23,27,0.852,10,30,40,15,8,3,14,25
9,9,2005-05-15,@,IND,W,89,76,,34,84,0.405,3,13,0.231,31,71,0.437,0.423,18,20,0.9,15,32,47,22,7,8,15,20,26,70,0.371,3,19,0.158,23,51,0.451,0.393,21,28,0.75,11,30,41,14,8,5,19,22
10,10,2005-05-17,,IND,W,86,67,,36,84,0.429,5,15,0.333,31,69,0.449,0.458,9,14,0.643,22,30,52,23,9,8,12,21,24,65,0.369,3,15,0.2,21,50,0.42,0.392,16,19,0.842,11,23,34,14,5,3,14,20
11,11,2005-05-19,@,IND,W,88,79,,31,71,0.437,4,13,0.308,27,58,0.466,0.465,22,24,0.917,11,29,40,17,7,3,10,15,36,75,0.48,5,19,0.263,31,56,0.554,0.513,2,7,0.286,8,28,36,27,3,7,11,21
12,12,2005-05-23,@,MIA,W,90,81,,37,81,0.457,6,11,0.545,31,70,0.443,0.494,10,12,0.833,9,32,41,20,3,6,9,12,36,77,0.468,4,11,0.364,32,66,0.485,0.494,5,10,0.5,7,27,34,17,6,9,10,12
13,13,2005-05-25,@,MIA,L,86,92,,31,81,0.383,9,23,0.391,22,58,0.379,0.438,15,23,0.652,10,31,41,17,9,5,15,26,36,78,0.462,3,11,0.273,33,67,0.493,0.481,17,23,0.739,9,37,46,14,6,9,17,23
14,14,2005-05-29,,MIA,L,104,113,,36,82,0.439,4,13,0.308,32,69,0.464,0.463,28,43,0.651,12,26,38,22,4,1,9,33,34,65,0.523,7,14,0.5,27,51,0.529,0.577,38,54,0.704,5,34,39,22,3,3,9,29
15,15,2005-05-31,,MIA,W,106,96,,37,77,0.481,4,8,0.5,33,69,0.478,0.506,28,39,0.718,9,30,39,27,5,5,6,28,32,72,0.444,3,14,0.214,29,58,0.5,0.465,29,39,0.744,10,28,38,17,2,5,12,30
16,16,2005-06-02,@,MIA,L,76,88,,30,78,0.385,3,11,0.273,27,67,0.403,0.404,13,20,0.65,13,27,40,16,6,5,15,23,36,69,0.522,3,8,0.375,33,61,0.541,0.543,13,23,0.565,5,33,38,17,6,6,15,22
17,17,2005-06-04,,MIA,W,91,66,,36,86,0.419,7,17,0.412,29,69,0.42,0.459,12,19,0.632,14,32,46,24,11,5,6,17,26,64,0.406,3,13,0.231,23,51,0.451,0.43,11,18,0.611,5,35,40,15,1,10,19,20
18,18,2005-06-06,@,MIA,W,88,82,,36,79,0.456,5,13,0.385,31,66,0.47,0.487,11,15,0.733,13,28,41,21,7,0,14,23,32,69,0.464,2,11,0.182,30,58,0.517,0.478,16,24,0.667,8,27,35,12,9,6,15,22
19,19,2005-06-09,@,SAS,L,69,84,,29,77,0.377,1,6,0.167,28,71,0.394,0.383,10,14,0.714,11,24,35,15,12,10,13,19,34,79,0.43,4,13,0.308,30,66,0.455,0.456,12,15,0.8,15,34,49,12,3,8,16,17
20,20,2005-06-12,@,SAS,L,76,97,,33,82,0.402,0,6,0,33,76,0.434,0.402,10,16,0.625,18,27,45,17,5,2,14,25,29,62,0.468,11,24,0.458,18,38,0.474,0.556,28,34,0.824,9,27,36,23,11,7,16,19
21,21,2005-06-14,,SAS,W,96,79,,40,85,0.471,3,14,0.214,37,71,0.521,0.488,13,17,0.765,17,27,44,22,12,10,12,18,29,67,0.433,8,17,0.471,21,50,0.42,0.493,13,20,0.65,10,27,37,16,7,3,18,21
22,22,2005-06-16,,SAS,W,102,71,,41,90,0.456,2,9,0.222,39,81,0.481,0.467,18,23,0.783,13,34,47,23,13,6,4,22,26,70,0.371,5,15,0.333,21,55,0.382,0.407,14,24,0.583,12,32,44,15,1,9,18,21
23,23,2005-06-19,,SAS,L,95,96,OT,37,84,0.44,2,9,0.222,35,75,0.467,0.452,19,23,0.826,16,26,42,17,7,11,12,20,38,82,0.463,8,20,0.4,30,62,0.484,0.512,12,21,0.571,19,26,45,20,3,3,17,26
24,24,2005-06-21,@,SAS,W,95,86,,37,79,0.468,8,17,0.471,29,62,0.468,0.519,13,19,0.684,13,27,40,19,6,8,5,21,31,75,0.413,8,28,0.286,23,47,0.489,0.467,16,26,0.615,13,30,43,15,3,2,12,18
25,25,2005-06-23,@,SAS,L,74,81,,31,74,0.419,2,14,0.143,29,60,0.483,0.432,10,14,0.714,8,26,34,17,8,6,9,24,29,68,0.426,7,11,0.636,22,57,0.386,0.478,16,19,0.842,8,30,38,14,4,7,13,20
1,1,2006-04-23,,MIL,W,92,74,,31,75,0.413,6,18,0.333,25,57,0.439,0.453,24,34,0.706,11,38,49,17,7,8,11,17,31,87,0.356,4,13,0.308,27,74,0.365,0.379,8,10,0.8,10,32,42,14,6,1,12,25
2,2,2006-04-26,,MIL,W,109,98,,42,83,0.506,10,25,0.4,32,58,0.552,0.566,15,19,0.789,10,31,41,30,6,6,10,20,37,85,0.435,6,12,0.5,31,73,0.425,0.471,18,24,0.75,14,28,42,16,5,3,13,22
3,3,2006-04-29,@,MIL,L,104,124,,34,70,0.486,11,28,0.393,23,42,0.548,0.564,25,37,0.676,8,22,30,22,7,3,11,21,47,78,0.603,11,17,0.647,36,61,0.59,0.673,19,22,0.864,8,27,35,34,7,3,12,27
4,4,2006-05-01,@,MIL,W,109,99,,35,74,0.473,8,17,0.471,27,57,0.474,0.527,31,41,0.756,13,20,33,22,7,3,7,21,38,69,0.551,4,10,0.4,34,59,0.576,0.58,19,28,0.679,11,26,37,23,3,4,18,33
5,5,2006-05-03,,MIL,W,122,93,,40,74,0.541,10,17,0.588,30,57,0.526,0.608,32,39,0.821,13,35,48,30,4,2,14,21,36,82,0.439,1,10,0.1,35,72,0.486,0.445,20,23,0.87,10,19,29,18,9,1,11,27
6,6,2006-05-07,,CLE,W,113,86,,42,81,0.519,15,22,0.682,27,59,0.458,0.611,14,18,0.778,12,28,40,23,4,9,10,19,34,82,0.415,3,10,0.3,31,72,0.431,0.433,15,18,0.833,16,21,37,14,3,3,11,17
7,7,2006-05-09,,CLE,W,97,91,,28,68,0.412,10,25,0.4,18,43,0.419,0.485,31,42,0.738,5,33,38,20,8,2,8,18,35,79,0.443,6,14,0.429,29,65,0.446,0.481,15,22,0.682,13,38,51,18,2,1,14,26
8,8,2006-05-13,@,CLE,L,77,86,,28,71,0.394,7,18,0.389,21,53,0.396,0.444,14,16,0.875,13,24,37,21,8,2,17,19,34,68,0.5,3,14,0.214,31,54,0.574,0.522,15,16,0.938,9,28,37,21,8,4,13,17
9,9,2006-05-15,@,CLE,L,72,74,,25,75,0.333,4,15,0.267,21,60,0.35,0.36,18,23,0.783,11,25,36,12,9,5,16,19,29,68,0.426,5,11,0.455,24,57,0.421,0.463,11,17,0.647,7,29,36,13,7,5,19,22
10,10,2006-05-17,,CLE,L,84,86,,32,75,0.427,2,10,0.2,30,65,0.462,0.44,18,28,0.643,16,31,47,16,4,8,17,21,31,81,0.383,5,13,0.385,26,68,0.382,0.414,19,26,0.731,19,25,44,15,9,10,12,27
11,11,2006-05-19,@,CLE,W,84,82,,31,68,0.456,6,14,0.429,25,54,0.463,0.5,16,28,0.571,11,24,35,17,9,5,10,19,30,67,0.448,2,12,0.167,28,55,0.509,0.463,20,24,0.833,12,30,42,17,4,5,14,22
12,12,2006-05-21,,CLE,W,79,61,,29,68,0.426,3,13,0.231,26,55,0.473,0.449,18,32,0.563,13,35,48,11,4,6,11,22,20,65,0.308,1,12,0.083,19,53,0.358,0.315,20,27,0.741,9,27,36,9,6,1,12,28
13,13,2006-05-23,,MIA,L,86,91,,31,82,0.378,5,21,0.238,26,61,0.426,0.409,19,22,0.864,9,24,33,16,7,1,6,17,36,64,0.563,5,14,0.357,31,50,0.62,0.602,14,21,0.667,5,38,43,13,5,6,16,21
14,14,2006-05-25,,MIA,W,92,88,,33,75,0.44,6,22,0.273,27,53,0.509,0.48,20,27,0.741,11,28,39,20,10,3,19,25,31,73,0.425,6,22,0.273,25,51,0.49,0.466,20,23,0.87,9,31,40,16,8,7,19,24
15,15,2006-05-27,@,MIA,L,83,98,,27,64,0.422,7,16,0.438,20,48,0.417,0.477,22,33,0.667,8,19,27,11,5,2,16,23,39,67,0.582,2,9,0.222,37,58,0.638,0.597,18,25,0.72,11,29,40,11,8,2,18,26
16,16,2006-05-29,@,MIA,L,78,89,,30,77,0.39,6,16,0.375,24,61,0.393,0.429,12,22,0.545,14,22,36,14,4,2,11,30,28,51,0.549,5,15,0.333,23,36,0.639,0.598,28,47,0.596,4,31,35,17,7,5,15,19
17,17,2006-05-31,,MIA,W,91,78,,33,77,0.429,2,15,0.133,31,62,0.5,0.442,23,26,0.885,13,29,42,19,8,7,13,19,34,77,0.442,4,19,0.211,30,58,0.517,0.468,6,20,0.3,13,27,40,21,4,7,16,25
18,18,2006-06-02,@,MIA,L,78,95,,27,81,0.333,6,21,0.286,21,60,0.35,0.37,18,24,0.75,13,26,39,15,5,0,7,16,39,70,0.557,6,16,0.375,33,54,0.611,0.6,11,17,0.647,6,42,48,22,3,9,12,20
1,1,2007-04-21,,ORL,W,100,92,,36,73,0.493,5,14,0.357,31,59,0.525,0.527,23,31,0.742,9,24,33,29,6,4,11,25,36,62,0.581,2,5,0.4,34,57,0.596,0.597,18,36,0.5,10,29,39,18,6,4,21,24
2,2,2007-04-23,,ORL,W,98,90,,32,78,0.41,8,19,0.421,24,59,0.407,0.462,26,33,0.788,16,28,44,22,4,4,6,22,35,76,0.461,3,8,0.375,32,68,0.471,0.48,17,26,0.654,12,30,42,19,1,7,9,24
3,3,2007-04-26,@,ORL,W,93,77,,34,78,0.436,8,13,0.615,26,65,0.4,0.487,17,23,0.739,12,35,47,15,8,6,9,19,31,74,0.419,3,8,0.375,28,66,0.424,0.439,12,21,0.571,8,31,39,16,3,3,13,22
4,4,2007-04-28,@,ORL,W,97,93,,30,65,0.462,6,15,0.4,24,50,0.48,0.508,31,38,0.816,10,27,37,17,11,3,16,26,36,77,0.468,2,8,0.25,34,69,0.493,0.481,19,31,0.613,15,26,41,19,7,0,16,27
5,5,2007-05-05,,CHI,W,95,69,,36,82,0.439,8,18,0.444,28,64,0.438,0.488,15,18,0.833,14,32,46,24,12,4,16,25,23,70,0.329,5,17,0.294,18,53,0.34,0.364,18,28,0.643,11,27,38,13,7,2,22,19
6,6,2007-05-07,,CHI,W,108,87,,41,78,0.526,10,19,0.526,31,59,0.525,0.59,16,23,0.696,15,36,51,25,4,1,22,36,23,67,0.343,4,20,0.2,19,47,0.404,0.373,37,52,0.712,8,22,30,19,9,5,13,24
7,7,2007-05-10,@,CHI,W,81,74,,32,81,0.395,6,21,0.286,26,60,0.433,0.432,11,17,0.647,10,33,43,20,7,10,9,19,28,83,0.337,2,13,0.154,26,70,0.371,0.349,16,26,0.615,22,38,60,12,3,6,14,17
8,8,2007-05-13,@,CHI,L,87,102,,31,83,0.373,6,25,0.24,25,58,0.431,0.41,19,27,0.704,11,22,33,23,9,2,12,30,35,71,0.493,5,12,0.417,30,59,0.508,0.528,27,35,0.771,15,36,51,18,5,5,20,21
9,9,2007-05-15,,CHI,L,92,108,,33,78,0.423,5,19,0.263,28,59,0.475,0.455,21,25,0.84,16,21,37,17,7,1,13,19,43,75,0.573,10,16,0.625,33,59,0.559,0.64,12,19,0.632,11,24,35,28,10,6,15,22
10,10,2007-05-17,@,CHI,W,95,85,,32,76,0.421,5,18,0.278,27,58,0.466,0.454,26,31,0.839,14,34,48,17,4,5,11,25,28,75,0.373,5,18,0.278,23,57,0.404,0.407,24,35,0.686,10,25,35,23,5,1,11,24
11,11,2007-05-21,,CLE,W,79,76,,31,72,0.431,5,14,0.357,26,58,0.448,0.465,12,17,0.706,11,30,41,25,3,10,16,17,32,86,0.372,1,10,0.1,31,76,0.408,0.378,11,17,0.647,18,31,49,16,11,3,8,16
12,12,2007-05-24,,CLE,W,79,76,,32,72,0.444,6,11,0.545,26,61,0.426,0.486,9,19,0.474,11,26,37,23,7,6,18,16,30,75,0.4,6,19,0.316,24,56,0.429,0.44,10,15,0.667,11,28,39,17,11,4,15,18
13,13,2007-05-27,@,CLE,L,82,88,,30,67,0.448,5,15,0.333,25,52,0.481,0.485,17,20,0.85,8,26,34,15,6,1,15,20,33,67,0.493,6,13,0.462,27,54,0.5,0.537,16,21,0.762,6,28,34,20,6,3,11,16
14,14,2007-05-29,@,CLE,L,87,91,,31,75,0.413,3,17,0.176,28,58,0.483,0.433,22,29,0.759,10,30,40,16,7,6,13,24,30,68,0.441,4,14,0.286,26,54,0.481,0.471,27,33,0.818,3,31,34,16,8,1,13,23
15,15,2007-05-31,,CLE,L,107,109,2OT,34,80,0.425,4,14,0.286,30,66,0.455,0.45,35,43,0.814,12,33,45,18,7,7,14,27,37,82,0.451,7,15,0.467,30,67,0.448,0.494,28,39,0.718,12,27,39,13,8,5,14,36
16,16,2007-06-02,@,CLE,L,82,98,,28,78,0.359,3,14,0.214,25,64,0.391,0.378,23,27,0.852,10,23,33,16,11,5,12,32,28,72,0.389,9,21,0.429,19,51,0.373,0.451,33,46,0.717,17,36,53,19,7,4,18,24
1,1,2008-04-20,,PHI,L,86,90,,32,82,0.39,4,12,0.333,28,70,0.4,0.415,18,23,0.783,20,23,43,16,7,10,13,24,35,81,0.432,1,5,0.2,34,76,0.447,0.438,19,27,0.704,18,27,45,16,6,4,14,24
2,2,2008-04-23,,PHI,W,105,88,,45,82,0.549,4,12,0.333,41,70,0.586,0.573,11,15,0.733,14,28,42,26,3,6,15,22,32,81,0.395,1,6,0.167,31,75,0.413,0.401,23,35,0.657,19,15,34,12,5,3,10,16
3,3,2008-04-25,@,PHI,L,75,95,,27,66,0.409,3,15,0.2,24,51,0.471,0.432,18,26,0.692,7,27,34,18,6,8,25,28,34,74,0.459,1,7,0.143,33,67,0.493,0.466,26,31,0.839,11,32,43,21,15,4,17,25
4,4,2008-04-27,@,PHI,W,93,84,,34,80,0.425,6,16,0.375,28,64,0.438,0.463,19,22,0.864,15,24,39,24,10,3,15,23,31,67,0.463,3,9,0.333,28,58,0.483,0.485,19,27,0.704,9,30,39,21,4,4,19,21
5,5,2008-04-29,,PHI,W,98,81,,43,74,0.581,6,13,0.462,37,61,0.607,0.622,6,12,0.5,10,24,34,27,8,12,17,19,30,71,0.423,2,7,0.286,28,64,0.438,0.437,19,24,0.792,9,25,34,13,12,5,18,13
6,6,2008-05-01,@,PHI,W,100,77,,39,67,0.582,9,16,0.563,30,51,0.588,0.649,13,16,0.813,7,32,39,28,4,2,18,26,25,74,0.338,3,13,0.231,22,61,0.361,0.358,24,36,0.667,15,19,34,12,11,2,11,16
7,7,2008-05-03,,ORL,W,91,72,,36,84,0.429,3,8,0.375,33,76,0.434,0.446,16,18,0.889,11,36,47,21,5,8,6,17,30,74,0.405,2,15,0.133,28,59,0.475,0.419,10,20,0.5,9,31,40,15,5,5,13,23
8,8,2008-05-05,,ORL,W,100,93,,36,76,0.474,4,12,0.333,32,64,0.5,0.5,24,28,0.857,8,27,35,23,9,5,10,22,32,73,0.438,11,26,0.423,21,47,0.447,0.514,18,23,0.783,15,25,40,16,3,2,19,23
9,9,2008-05-07,@,ORL,L,86,111,,31,77,0.403,2,10,0.2,29,67,0.433,0.416,22,28,0.786,9,26,35,12,7,3,11,20,42,78,0.538,11,24,0.458,31,54,0.574,0.609,16,23,0.696,7,34,41,18,6,8,11,23
10,10,2008-05-10,@,ORL,W,90,89,,36,79,0.456,4,13,0.308,32,66,0.485,0.481,14,15,0.933,12,27,39,18,9,3,10,23,34,73,0.466,10,18,0.556,24,55,0.436,0.534,11,17,0.647,10,25,35,13,6,4,12,19
11,11,2008-05-13,,ORL,W,91,86,,30,83,0.361,3,14,0.214,27,69,0.391,0.38,28,32,0.875,15,23,38,16,12,3,3,24,31,64,0.484,8,22,0.364,23,42,0.548,0.547,16,28,0.571,12,34,46,14,1,4,21,27
12,12,2008-05-20,@,BOS,L,79,88,,28,66,0.424,4,11,0.364,24,55,0.436,0.455,19,27,0.704,8,29,37,15,7,1,13,20,36,69,0.522,2,9,0.222,34,60,0.567,0.536,14,21,0.667,5,32,37,27,10,3,11,21
13,13,2008-05-22,@,BOS,W,103,97,,35,71,0.493,5,10,0.5,30,61,0.492,0.528,28,32,0.875,9,22,31,21,9,4,11,19,35,72,0.486,5,19,0.263,30,53,0.566,0.521,22,25,0.88,13,26,39,19,5,6,13,22
14,14,2008-05-24,,BOS,L,80,94,,28,73,0.384,1,13,0.077,27,60,0.45,0.39,23,26,0.885,10,18,28,15,11,9,11,25,32,69,0.464,5,14,0.357,27,55,0.491,0.5,25,30,0.833,14,30,44,20,6,3,16,24
15,15,2008-05-26,,BOS,W,94,75,,36,70,0.514,2,9,0.222,34,61,0.557,0.529,20,26,0.769,9,25,34,27,7,10,9,32,21,66,0.318,1,9,0.111,20,57,0.351,0.326,32,39,0.821,11,27,38,12,3,3,14,24
16,16,2008-05-28,@,BOS,L,102,106,,31,67,0.463,11,21,0.524,20,46,0.435,0.545,29,38,0.763,5,20,25,23,8,5,17,30,37,73,0.507,8,15,0.533,29,58,0.5,0.562,24,30,0.8,11,31,42,25,8,3,17,21
17,17,2008-05-30,,BOS,L,81,89,,29,69,0.42,6,21,0.286,23,48,0.479,0.464,17,21,0.81,11,25,36,19,3,7,16,22,32,72,0.444,5,18,0.278,27,54,0.5,0.479,20,27,0.741,11,27,38,14,8,4,12,28
1,1,2009-04-18,@,CLE,L,84,102,,36,78,0.462,2,12,0.167,34,66,0.515,0.474,10,12,0.833,9,22,31,15,2,3,7,18,37,70,0.529,5,15,0.333,32,55,0.582,0.564,23,27,0.852,6,28,34,24,4,5,5,10
2,2,2009-04-21,@,CLE,L,82,94,,32,81,0.395,5,15,0.333,27,66,0.409,0.426,13,16,0.813,9,25,34,17,7,2,13,27,28,66,0.424,6,18,0.333,22,48,0.458,0.47,32,43,0.744,13,30,43,21,5,3,14,18
3,3,2009-04-24,,CLE,L,68,79,,27,71,0.38,4,12,0.333,23,59,0.39,0.408,10,12,0.833,5,34,39,17,4,5,15,25,28,68,0.412,4,22,0.182,24,46,0.522,0.441,19,30,0.633,9,33,42,20,8,7,15,17
4,4,2009-04-26,,CLE,L,78,99,,31,78,0.397,1,10,0.1,30,68,0.441,0.404,15,18,0.833,7,23,30,17,4,2,10,25,35,74,0.473,6,13,0.462,29,61,0.475,0.514,23,24,0.958,10,31,41,19,8,3,10,18
1,1,2016-04-17,@,CLE,L,101,106,,37,73,0.507,15,29,0.517,22,44,0.5,0.61,12,16,0.75,5,32,37,24,4,2,12,21,39,88,0.443,12,35,0.343,27,53,0.509,0.511,16,21,0.762,12,28,40,25,7,4,5,18
2,2,2016-04-20,@,CLE,L,90,107,,34,78,0.436,4,17,0.235,30,61,0.492,0.462,18,32,0.563,11,29,40,19,7,4,13,18,40,80,0.5,20,38,0.526,20,42,0.476,0.625,7,14,0.5,6,31,37,23,7,1,13,24
3,3,2016-04-22,,CLE,L,91,101,,36,74,0.486,6,23,0.261,30,51,0.588,0.527,13,19,0.684,5,27,32,22,7,3,8,19,39,80,0.488,12,29,0.414,27,51,0.529,0.563,11,15,0.733,12,34,46,24,3,4,10,17
4,4,2016-04-24,,CLE,L,98,100,,37,76,0.487,10,24,0.417,27,52,0.519,0.553,14,21,0.667,7,35,42,22,3,4,9,18,36,86,0.419,13,36,0.361,23,50,0.46,0.494,15,17,0.882,10,31,41,16,6,1,6,22
1,1,2019-04-14,@,MIL,L,86,121,,35,92,0.38,8,27,0.296,27,65,0.415,0.424,8,13,0.615,7,39,46,22,7,2,13,21,44,90,0.489,15,43,0.349,29,47,0.617,0.572,18,26,0.692,8,46,54,31,7,8,10,16
2,2,2019-04-17,@,MIL,L,99,120,,37,99,0.374,12,36,0.333,25,63,0.397,0.434,13,17,0.765,11,32,43,23,5,7,9,21,47,90,0.522,11,26,0.423,36,64,0.563,0.583,15,21,0.714,8,46,54,32,5,11,13,21
3,3,2019-04-20,,MIL,L,103,119,,37,96,0.385,11,36,0.306,26,60,0.433,0.443,18,24,0.75,15,29,44,21,9,6,9,24,42,86,0.488,14,38,0.368,28,48,0.583,0.57,21,24,0.875,13,38,51,24,5,6,16,22
4,4,2019-04-22,,MIL,L,104,127,,41,100,0.41,13,34,0.382,28,66,0.424,0.475,9,12,0.75,10,26,36,26,8,1,11,31,43,79,0.544,10,28,0.357,33,51,0.647,0.608,31,41,0.756,10,44,54,27,6,10,19,21
1,1,2025-04-19,@,NYK,L,112,123,,41,86,0.477,15,32,0.469,26,54,0.481,0.564,15,20,0.75,11,26,37,23,6,9,21,21,49,93,0.527,10,26,0.385,39,67,0.582,0.581,15,17,0.882,8,28,36,26,12,9,11,21
2,2,2025-04-21,@,NYK,W,100,94,,33,74,0.446,6,27,0.222,27,47,0.574,0.486,28,34,0.824,12,36,48,11,7,4,16,24,34,81,0.42,10,35,0.286,24,46,0.522,0.481,16,19,0.842,7,27,34,15,8,1,14,22
3,3,2025-04-24,,NYK,L,116,118,,39,86,0.453,16,37,0.432,23,49,0.469,0.547,22,27,0.815,11,32,43,22,6,4,14,28,40,86,0.465,12,32,0.375,28,54,0.519,0.535,26,29,0.897,9,31,40,22,11,7,11,22
4,4,2025-04-27,,NYK,L,93,94,,36,84,0.429,7,29,0.241,29,55,0.527,0.47,14,17,0.824,14,40,54,18,6,9,19,17,34,91,0.374,15,33,0.455,19,58,0.328,0.456,11,18,0.611,12,26,38,19,11,3,10,17
5,5,2025-04-29,@,NYK,W,106,103,,36,85,0.424,8,29,0.276,28,56,0.5,0.471,26,36,0.722,12,33,45,21,9,9,14,24,39,90,0.433,9,25,0.36,30,65,0.462,0.483,16,27,0.593,15,34,49,19,5,10,15,27
6,6,2025-05-01,,NYK,L,113,116,,38,81,0.469,9,34,0.265,29,47,0.617,0.525,28,33,0.848,6,30,36,25,9,3,15,23,41,86,0.477,10,30,0.333,31,56,0.554,0.535,24,30,0.8,13,30,43,18,6,4,17,22
1,1,2026-04-19,,ORL,L,101,112,,31,77,0.403,10,32,0.313,21,45,0.467,0.468,29,38,0.763,6,33,39,19,9,6,14,17,44,90,0.489,10,34,0.294,34,56,0.607,0.544,14,19,0.737,11,34,45,26,11,6,12,24
2,2,2026-04-22,,ORL,W,98,83,,39,85,0.459,6,26,0.231,33,59,0.559,0.494,14,24,0.583,17,40,57,22,9,11,23,23,26,80,0.325,8,32,0.25,18,48,0.375,0.375,23,32,0.719,13,29,42,17,16,6,19,25
3,3,2026-04-25,@,ORL,L,105,113,,37,85,0.435,11,32,0.344,26,53,0.491,0.5,20,24,0.833,10,32,42,24,6,12,16,25,36,89,0.404,15,33,0.455,21,56,0.375,0.489,26,33,0.788,14,34,48,22,8,8,14,24
4,4,2026-04-27,@,ORL,L,88,94,,31,82,0.378,6,30,0.2,25,52,0.481,0.415,20,28,0.714,12,37,49,18,5,18,20,29,30,92,0.326,9,35,0.257,21,57,0.368,0.375,25,34,0.735,16,36,52,15,8,6,12,25
5,5,2026-04-29,,ORL,W,116,109,,39,80,0.488,10,28,0.357,29,52,0.558,0.55,28,35,0.8,16,33,49,20,10,5,17,21,38,80,0.475,17,38,0.447,21,42,0.5,0.581,16,30,0.533,8,25,33,21,12,5,16,26
6,6,2026-05-01,@,ORL,W,93,79,,32,80,0.4,9,27,0.333,23,53,0.434,0.456,20,26,0.769,14,38,52,16,5,8,11,21,27,78,0.346,9,36,0.25,18,42,0.429,0.404,16,21,0.762,8,30,38,20,6,4,11,22
7,7,2026-05-03,,ORL,W,116,94,,41,80,0.513,16,33,0.485,25,47,0.532,0.613,18,22,0.818,11,30,41,30,9,6,14,21,31,75,0.413,10,30,0.333,21,45,0.467,0.48,22,30,0.733,9,24,33,18,11,7,16,21
8,8,2026-05-05,,CLE,W,111,101,,37,84,0.44,10,26,0.385,27,58,0.466,0.5,27,35,0.771,16,29,45,23,12,3,12,18,36,80,0.45,14,38,0.368,22,42,0.524,0.538,15,16,0.938,11,30,41,23,7,5,20,22
9,9,2026-05-07,,CLE,W,107,97,,39,80,0.488,14,28,0.5,25,52,0.481,0.575,15,20,0.75,12,30,42,21,9,5,13,22,34,81,0.42,7,32,0.219,27,49,0.551,0.463,22,27,0.815,9,27,36,20,7,6,11,19
10,10,2026-05-09,@,CLE,L,109,116,,41,91,0.451,9,25,0.36,32,66,0.485,0.5,18,22,0.818,17,23,40,23,12,4,16,25,43,74,0.581,12,32,0.375,31,42,0.738,0.662,18,28,0.643,5,28,33,22,3,7,15,17
11,11,2026-05-11,@,CLE,L,103,112,,42,83,0.506,10,23,0.435,32,60,0.533,0.566,9,12,0.75,11,24,35,23,10,3,20,27,34,78,0.436,14,41,0.341,20,37,0.541,0.526,30,34,0.882,12,21,33,23,11,8,15,15
12,12,2026-05-13,,CLE,L,113,117,OT,42,95,0.442,11,33,0.333,31,62,0.5,0.5,18,20,0.9,15,25,40,28,10,10,15,26,36,80,0.45,14,35,0.4,22,45,0.489,0.538,31,38,0.816,13,31,44,25,6,9,17,16
13,13,2026-05-15,@,CLE,W,115,94,,43,82,0.524,16,36,0.444,27,46,0.587,0.622,13,19,0.684,13,30,43,25,9,6,18,22,30,77,0.39,12,35,0.343,18,42,0.429,0.468,22,30,0.733,16,24,40,15,9,3,20,18
14,14,2026-05-17,,CLE,L,94,125,,30,85,0.353,12,39,0.308,18,46,0.391,0.424,22,29,0.759,10,31,41,21,7,5,15,31,43,85,0.506,11,34,0.324,32,51,0.627,0.571,28,44,0.636,14,36,50,31,10,4,13,22
