Totals,,,,,,,,,,,,,,,,Shooting,,,Per Game,,,,,,,,,,
Rk,Player,From,To,Yrs,G,MP,FG,FGA,3P,3PA,FT,FTA,ORB,TRB,AST,STL,BLK,TOV,PF,PTS,FG%,3P%,FT%,MP,PTS,TRB,AST,STL,BLK
1,Rick Adelman,1974,1975,2,67,958,107,274,,,82,115,22,95,91,52,2,,94,296,0.391,,0.713,14.3,4.4,1.4,1.4,0.8,0
2,Joe Alexander,2010,2010,1,8,29,1,6,0,1,2,3,2,5,2,1,1,0,9,4,0.167,0,0.667,3.6,0.5,0.6,0.3,0.1,0.1
3,Rawle Alkins,2019,2019,1,10,120,13,39,3,12,8,12,11,26,13,1,0,8,7,37,0.333,0.25,0.667,12,3.7,2.6,1.3,0.1,0
4,Malik Allen,2006,2007,2,114,1339,228,505,1,2,51,72,86,259,36,31,32,55,177,508,0.451,0.5,0.708,11.7,4.5,2.3,0.3,0.3,0.3
5,Al-Farouq Aminu,2021,2021,1,6,67,2,10,1,6,4,5,2,19,2,2,0,3,7,9,0.2,0.167,0.8,11.2,1.5,3.2,0.3,0.3,0
6,Lou Amundson,2013,2014,2,2,3,0,1,0,0,0,0,1,1,0,0,0,0,0,0,0,,,1.5,0,0.5,0,0,0
7,Chris Anstey,2000,2000,1,73,1007,161,364,1,6,116,147,90,280,65,29,25,80,180,439,0.442,0.167,0.789,13.8,6,3.8,0.9,0.4,0.3
8,Greg Anthony,2002,2002,1,36,961,113,287,29,90,47,70,16,88,203,49,4,58,72,302,0.394,0.322,0.671,26.7,8.4,2.4,5.6,1.4,0.1
9,Ryan Arcidiacono,2018,2021,4,207,3645,343,796,169,453,134,166,53,421,456,114,7,123,332,989,0.431,0.373,0.807,17.6,4.8,2,2.2,0.6,0
10,Jim Ard,1978,1978,1,14,116,8,16,,,2,3,8,32,7,0,0,14,18,18,0.5,,0.667,8.3,1.3,2.3,0.5,0,0
11,B.J. Armstrong,1990,2000,7,518,13319,2217,4626,297,679,822,954,145,948,1741,399,39,641,820,5553,0.479,0.437,0.862,25.7,10.7,1.8,3.4,0.8,0.1
12,Tate Armstrong,1978,1979,2,92,975,159,350,,,32,40,31,88,105,33,0,79,64,350,0.454,,0.8,10.6,3.8,1,1.1,0.4,0
13,Ömer Aşık,2011,2018,3,152,2021,159,303,0,0,120,249,241,666,65,51,126,136,280,438,0.525,,0.482,13.3,2.9,4.4,0.4,0.3,0.8
14,D.J. Augustin,2014,2014,1,61,1857,291,694,132,321,195,221,15,126,303,52,3,116,140,909,0.419,0.411,0.882,30.4,14.9,2.1,5,0.9,0
15,Dennis Awtrey,1973,1980,3,173,2966,235,481,0,0,171,293,78,722,348,34,29,27,420,641,0.489,,0.584,17.1,3.7,4.2,2,0.4,0.3
16,Dalibor Bagarić,2001,2003,3,95,973,97,269,0,2,57,102,84,238,37,29,43,72,163,251,0.361,0,0.559,10.2,2.6,2.5,0.4,0.3,0.5
17,Cameron Bairstow,2015,2016,2,36,167,16,54,1,5,11,13,10,36,7,4,4,7,27,44,0.296,0.2,0.846,4.6,1.2,1,0.2,0.1,0.1
18,Lonzo Ball,2022,2025,2,70,1989,251,626,177,455,43,55,60,308,293,111,48,123,140,722,0.401,0.389,0.782,28.4,10.3,4.4,4.2,1.6,0.7
19,Gene Banks,1986,1987,2,145,3961,605,1150,0,24,295,401,293,668,421,133,27,252,385,1505,0.526,0,0.736,27.3,10.4,4.6,2.9,0.9,0.2
20,Jim Barnes,1968,1969,2,47,823,143,323,,,84,122,,234,29,,,,143,370,0.443,,0.689,17.5,7.9,5,0.6,,
,,,,,Totals,,,,,,,,,,,,,,,,Shooting,,,Per Game,,,,,
Rk,Player,From,To,Yrs,G,MP,FG,FGA,3P,3PA,FT,FTA,ORB,TRB,AST,STL,BLK,TOV,PF,PTS,FG%,3P%,FT%,MP,PTS,TRB,AST,STL,BLK
21,Andre Barrett,2007,2007,1,6,29,4,8,0,0,0,0,1,5,7,0,0,4,4,8,0.5,,,4.8,1.3,0.8,1.2,0,0
22,Brent Barry,1999,1999,1,37,1181,141,356,52,172,78,101,39,144,116,42,11,72,98,412,0.396,0.302,0.772,31.9,11.1,3.9,3.1,1.1,0.3
23,Eddie Basden,2006,2006,1,19,141,15,37,1,7,8,10,7,28,8,9,2,9,17,39,0.405,0.143,0.8,7.4,2.1,1.5,0.4,0.5,0.1
24,Johnny Baum,1970,1971,2,65,556,126,304,,,40,58,,129,31,,,,56,292,0.414,,0.69,8.6,4.5,2,0.5,,
25,Lonny Baxter,2003,2004,2,69,829,123,255,1,3,75,111,76,200,21,10,28,57,166,322,0.482,0.333,0.676,12,4.7,2.9,0.3,0.1,0.4
26,Marco Belinelli,2013,2013,1,73,1882,241,610,79,221,141,168,13,140,148,44,6,82,140,702,0.395,0.357,0.839,25.8,9.6,1.9,2,0.6,0.1
27,Jordan Bell,2022,2022,1,1,2,0,0,0,0,0,0,1,1,0,1,0,0,2,0,,,,2,0,1,0,1,0
28,Leon Benbow,1975,1976,2,115,1838,254,645,,,120,158,79,214,183,73,17,,227,628,0.394,,0.759,16,5.5,1.9,1.6,0.6,0.1
29,Corey Benjamin,1999,2001,3,144,2039,304,769,55,184,132,205,74,228,133,70,46,158,296,795,0.395,0.299,0.644,14.2,5.5,1.6,0.9,0.5,0.3
30,Mario Bennett,1999,1999,1,3,19,2,6,0,0,3,4,2,5,0,1,0,1,4,7,0.333,,0.75,6.3,2.3,1.7,0,0.3,0
31,Del Beshore,1980,1980,1,68,869,88,250,10,26,58,87,16,63,139,58,5,104,105,244,0.352,0.385,0.667,12.8,3.6,0.9,2,0.9,0.1
32,Travis Best,2002,2002,1,30,793,112,254,8,25,47,51,10,81,149,32,1,40,72,279,0.441,0.32,0.922,26.4,9.3,2.7,5,1.1,0
33,Patrick Beverley,2023,2023,1,22,605,47,119,25,81,8,15,20,107,76,23,16,18,63,127,0.395,0.309,0.533,27.5,5.8,4.9,3.5,1,0.7
34,Onuralp Bitim,2024,2024,1,23,268,32,84,12,44,4,5,6,32,13,3,2,10,24,80,0.381,0.273,0.8,11.7,3.5,1.4,0.6,0.1,0.1
35,Antonio Blakeney,2018,2019,2,76,1143,219,539,51,143,80,115,11,139,62,19,10,46,60,569,0.406,0.357,0.696,15,7.5,1.8,0.8,0.3,0.1
36,Ricky Blanton,1993,1993,1,2,13,3,7,0,0,0,0,2,3,1,2,0,1,1,6,0.429,,,6.5,3,1.5,0.5,1,0
37,John Block,1975,1976,2,52,889,152,321,,,105,136,63,216,44,39,31,,112,409,0.474,,0.772,17.1,7.9,4.2,0.8,0.8,0.6
38,Corie Blount,1994,2004,4,231,3171,338,724,0,5,117,201,327,845,211,116,104,189,446,793,0.467,0,0.582,13.7,3.4,3.7,0.9,0.5,0.5
39,Ray Blume,1982,1982,1,49,546,102,222,4,18,18,28,14,41,68,23,2,54,57,226,0.459,0.222,0.643,11.1,4.6,0.8,1.4,0.5,0
40,Tom Boerwinkle,1969,1978,10,635,14387,1863,4109,,,870,1288,536,5745,2007,110,138,26,1811,4596,0.453,,0.675,22.7,7.2,9,3.2,0.4,0.5
,,,,,Totals,,,,,,,,,,,,,,,,Shooting,,,Per Game,,,,,
Rk,Player,From,To,Yrs,G,MP,FG,FGA,3P,3PA,FT,FTA,ORB,TRB,AST,STL,BLK,TOV,PF,PTS,FG%,3P%,FT%,MP,PTS,TRB,AST,STL,BLK
41,Keith Bogans,2011,2011,1,82,1461,124,307,90,237,21,32,19,148,101,38,9,41,113,359,0.404,0.38,0.656,17.8,4.4,1.8,1.2,0.5,0.1
42,Keith Booth,1998,1999,2,45,449,51,157,1,11,27,48,27,97,39,22,11,42,63,130,0.325,0.091,0.563,10,2.9,2.2,0.9,0.5,0.2
43,Bob Boozer,1967,1969,3,236,8311,1821,3744,,,1165,1485,,2049,367,,,,659,4807,0.486,,0.785,35.2,20.4,8.7,1.6,,
44,Carlos Boozer,2011,2014,4,280,8517,1870,3807,0,5,607,838,556,2532,567,227,92,594,809,4347,0.491,0,0.724,30.4,15.5,9,2,0.8,0.3
45,Nate Bowman,1967,1967,1,9,65,8,21,,,6,8,,28,2,,,,18,22,0.381,,0.75,7.2,2.4,3.1,0.2,,
46,Dudley Bradley,1983,1983,1,58,683,82,159,1,5,36,45,27,105,106,49,10,59,91,201,0.516,0.2,0.8,11.8,3.5,1.8,1.8,0.8,0.2
47,Tony Bradley,2022,2023,2,67,582,78,135,3,5,23,33,68,197,28,11,34,35,64,182,0.578,0.6,0.697,8.7,2.7,2.9,0.4,0.2,0.5
48,Elton Brand,2000,2001,2,155,5905,1208,2521,0,4,701,1008,633,1556,395,137,250,447,502,3117,0.479,0,0.695,38.1,20.1,10,2.5,0.9,1.6
49,Mike Bratz,1983,1983,1,15,140,14,42,1,8,10,13,3,19,23,7,0,14,20,39,0.333,0.125,0.769,9.3,2.6,1.3,1.5,0.5,0
50,Ron Brewer,1986,1986,1,4,18,3,9,0,0,1,1,0,0,0,0,0,2,1,7,0.333,,1,4.5,1.8,0,0,0,0
51,Ronnie Brewer,2011,2014,3,148,3418,395,872,25,96,143,233,127,493,277,178,43,114,146,958,0.453,0.26,0.614,23.1,6.5,3.3,1.9,1.2,0.3
52,Aaron Brooks,2015,2016,2,151,2993,532,1286,187,498,194,238,53,267,441,84,25,239,321,1445,0.414,0.376,0.815,19.8,9.6,1.8,2.9,0.6,0.2
53,Devin Brown,2010,2010,1,11,93,8,36,4,17,0,0,2,15,7,3,1,5,10,20,0.222,0.235,,8.5,1.8,1.4,0.6,0.3,0.1
54,John Brown,1979,1979,1,77,1265,152,317,,,84,98,83,238,104,18,10,89,180,388,0.479,,0.857,16.4,5,3.1,1.4,0.2,0.1
55,Mike Brown,1987,1988,2,108,1409,184,375,0,1,87,143,137,373,52,31,11,97,214,455,0.491,0,0.608,13,4.2,3.5,0.5,0.3,0.1
56,P.J. Brown,2007,2007,1,72,1456,170,418,0,2,96,122,129,347,48,24,52,85,187,436,0.407,0,0.787,20.2,6.1,4.8,0.7,0.3,0.7
57,Randy Brown,1996,2000,5,309,5639,623,1581,8,54,281,395,135,547,708,338,64,337,535,1535,0.394,0.148,0.711,18.2,5,1.8,2.3,1.1,0.2
58,Roger Brown,1980,1980,1,4,37,1,3,0,0,0,0,2,10,1,0,3,0,4,2,0.333,,,9.3,0.5,2.5,0.3,0,0.8
59,Shannon Brown,2008,2008,1,6,22,3,15,0,1,3,6,1,2,0,1,2,5,2,9,0.2,0,0.5,3.7,1.5,0.3,0,0.2,0.3
60,Tony Brown,1986,1986,1,10,132,18,41,0,2,9,13,5,16,14,5,1,4,16,45,0.439,0,0.692,13.2,4.5,1.6,1.4,0.5,0.1
,,,,,Totals,,,,,,,,,,,,,,,,Shooting,,,Per Game,,,,,
Rk,Player,From,To,Yrs,G,MP,FG,FGA,3P,3PA,FT,FTA,ORB,TRB,AST,STL,BLK,TOV,PF,PTS,FG%,3P%,FT%,MP,PTS,TRB,AST,STL,BLK
61,Troy Brown Jr.,2021,2022,2,79,1292,137,313,55,157,25,32,48,247,76,43,7,31,82,354,0.438,0.35,0.781,16.4,4.5,3.1,1,0.5,0.1
62,Rick Brunson,2003,2004,2,54,598,61,151,15,29,37,43,13,56,116,35,6,50,64,174,0.404,0.517,0.86,11.1,3.2,1,2.1,0.6,0.1
63,Mark Bryant,1999,1999,1,45,1204,168,348,0,1,71,110,92,232,48,34,16,68,149,407,0.483,0,0.645,26.8,9,5.2,1.1,0.8,0.4
64,Wallace Bryant,1984,1984,1,29,317,52,133,0,0,14,33,37,80,13,9,11,16,48,118,0.391,,0.424,10.9,4.1,2.8,0.4,0.3,0.4
65,Jud Buechler,1995,1998,4,281,2656,345,759,98,257,44,81,150,412,215,103,55,117,231,832,0.455,0.381,0.543,9.5,3,1.5,0.8,0.4,0.2
66,Roger Burkman,1982,1982,1,6,30,0,4,0,1,5,6,2,6,5,6,2,3,6,5,0,0,0.833,5,0.8,1,0.8,1,0.3
67,Jim Burns,1968,1968,1,3,11,2,7,,,0,0,,2,1,,,,1,4,0.286,,,3.7,1.3,0.7,0.3,,
68,Scott Burrell,1998,1998,1,80,1096,159,375,51,144,47,64,80,198,65,64,37,50,131,416,0.424,0.354,0.734,13.7,5.2,2.5,0.8,0.8,0.5
69,Jimmy Butler,2012,2017,6,399,12880,2007,4483,338,1002,1856,2241,568,1921,1254,583,183,562,567,6208,0.448,0.337,0.828,32.3,15.6,4.8,3.1,1.5,0.5
70,Rasual Butler,2011,2011,1,6,26,6,11,4,7,0,0,0,1,0,0,0,2,3,16,0.545,0.571,,4.3,2.7,0.2,0,0,0
71,Matas Buzelis,2025,2026,2,157,3759,698,1518,269,761,275,346,132,726,237,84,191,233,305,1940,0.46,0.353,0.795,23.9,12.4,4.6,1.5,0.5,1.2
72,Jason Caffey,1996,1998,3,183,2660,376,746,0,3,247,382,262,585,149,50,33,193,332,999,0.504,0,0.647,14.5,5.5,3.2,0.8,0.3,0.2
73,Isaiah Canaan,2017,2017,1,39,592,63,173,25,94,30,33,6,50,37,22,1,21,35,181,0.364,0.266,0.909,15.2,4.6,1.3,0.9,0.6,0
74,Chris Carr,2000,2000,1,50,1092,185,463,31,93,91,106,36,160,81,30,14,112,101,492,0.4,0.333,0.858,21.8,9.8,3.2,1.6,0.6,0.3
75,Cory Carr,1999,1999,1,42,624,71,216,5,30,24,32,8,49,66,21,7,46,66,171,0.329,0.167,0.75,14.9,4.1,1.2,1.6,0.5,0.2
76,Jevon Carter,2024,2026,3,131,1579,234,614,144,417,22,27,20,125,153,63,21,58,105,634,0.381,0.345,0.815,12.1,4.8,1,1.2,0.5,0.2
77,Wendell Carter Jr.,2019,2021,3,119,3158,492,966,20,83,283,375,296,962,198,77,118,186,410,1287,0.509,0.241,0.755,26.5,10.8,8.1,1.7,0.6,1
78,Michael Carter-Williams,2017,2017,1,45,846,112,306,15,64,58,77,24,153,113,38,23,66,102,297,0.366,0.234,0.753,18.8,6.6,3.4,2.5,0.8,0.5
79,Bill Cartwright,1989,1994,6,397,10270,1422,2994,0,0,794,1080,675,2181,588,141,122,613,1012,3638,0.475,,0.735,25.9,9.2,5.5,1.5,0.4,0.3
80,Alex Caruso,2022,2024,3,179,4762,485,1083,233,610,190,242,137,617,605,289,131,236,446,1393,0.448,0.382,0.785,26.6,7.8,3.4,3.4,1.6,0.7
,,,,,Totals,,,,,,,,,,,,,,,,Shooting,,,Per Game,,,,,
Rk,Player,From,To,Yrs,G,MP,FG,FGA,3P,3PA,FT,FTA,ORB,TRB,AST,STL,BLK,TOV,PF,PTS,FG%,3P%,FT%,MP,PTS,TRB,AST,STL,BLK
81,Tyson Chandler,2002,2006,5,340,8308,842,1648,0,4,713,1160,891,2616,299,192,487,513,1052,2397,0.511,0,0.615,24.4,7.1,7.7,0.9,0.6,1.4
82,Len Chappell,1967,1967,1,19,179,40,89,,,14,21,,38,12,,,,31,94,0.449,,0.667,9.4,4.9,2,0.6,,
83,Barry Clemens,1967,1969,3,213,4061,722,1742,,,273,385,,894,262,,,,529,1717,0.414,,0.709,19.1,8.1,4.2,1.2,,
84,Fred Cofield,1987,1987,1,5,27,2,11,0,1,0,0,1,5,4,2,0,1,1,4,0.182,0,,5.4,0.8,1,0.8,0.4,0
85,Jimmy Collins,1971,1972,2,74,612,118,285,,,45,56,,66,70,,,,54,281,0.414,,0.804,8.3,3.8,0.9,0.9,,
86,Zach Collins,2025,2026,2,38,736,129,234,27,81,52,63,80,243,74,17,18,47,80,337,0.551,0.333,0.825,19.4,8.9,6.4,1.9,0.4,0.5
87,Steve Colter,1987,1987,1,27,473,49,142,0,9,33,39,9,42,94,19,6,32,38,131,0.345,0,0.846,17.5,4.9,1.6,3.5,0.7,0.2
88,Daequan Cook,2013,2013,1,33,276,30,108,15,61,7,9,2,43,9,2,5,9,13,82,0.278,0.246,0.778,8.4,2.5,1.3,0.3,0.1,0.2
89,Tyler Cook,2022,2022,1,20,200,23,38,0,0,21,32,16,53,3,4,4,7,28,67,0.605,,0.656,10,3.4,2.7,0.2,0.2,0.2
90,Dave Corzine,1983,1989,7,556,15039,2214,4605,9,46,1020,1346,1135,3529,1112,268,573,947,1276,5457,0.481,0.196,0.758,27,9.8,6.3,2,0.5,1
91,Joe Courtney,1993,1993,1,5,34,4,9,0,0,3,4,2,2,1,2,1,3,9,11,0.444,,0.75,6.8,2.2,0.4,0.2,0.4,0.2
92,Torrey Craig,2024,2025,2,62,1162,130,296,75,188,30,40,77,242,63,32,22,32,125,365,0.439,0.399,0.75,18.7,5.9,3.9,1,0.5,0.4
93,Jamal Crawford,2001,2004,4,244,6334,1039,2617,318,938,341,416,81,591,935,249,73,444,373,2737,0.397,0.339,0.82,26,11.2,2.4,3.8,1,0.3
94,Earl Cureton,1987,1987,1,43,1105,129,276,0,1,39,73,113,227,70,15,26,45,102,297,0.467,0,0.534,25.7,6.9,5.3,1.6,0.3,0.6
95,Eddy Curry,2002,2005,4,289,6683,1334,2520,1,1,745,1111,486,1414,167,79,256,546,859,3414,0.529,1,0.671,23.1,11.8,4.9,0.6,0.3,0.9
96,Quintin Dailey,1983,1986,4,272,7354,1781,3818,16,95,895,1127,225,771,792,274,31,646,744,4473,0.466,0.168,0.794,27,16.4,2.8,2.9,1,0.1
97,Kornél Dávid,1999,2000,2,76,1345,172,391,0,4,132,163,92,246,56,36,19,79,137,476,0.44,0,0.81,17.7,6.3,3.2,0.7,0.5,0.3
98,Antonio Davis,2004,2005,2,137,3875,413,959,0,0,254,333,310,956,203,56,98,189,308,1080,0.431,,0.763,28.3,7.9,7,1.5,0.4,0.7
99,Charles Davis,1989,1990,2,102,974,139,348,11,40,26,34,72,195,49,21,13,42,110,315,0.399,0.275,0.765,9.5,3.1,1.9,0.5,0.2,0.1
100,Darren Daye,1987,1987,1,1,7,0,0,0,0,0,0,0,1,1,0,0,1,2,0,,,,7,0,1,1,0,0
,,,,,Totals,,,,,,,,,,,,,,,,Shooting,,,Per Game,,,,,
Rk,Player,From,To,Yrs,G,MP,FG,FGA,3P,3PA,FT,FTA,ORB,TRB,AST,STL,BLK,TOV,PF,PTS,FG%,3P%,FT%,MP,PTS,TRB,AST,STL,BLK
101,Bison Dele,1997,1997,1,9,138,26,63,0,0,11,15,14,33,12,3,5,11,20,63,0.413,,0.733,15.3,7,3.7,1.3,0.3,0.6
102,Luol Deng,2005,2014,10,637,22882,3987,8675,387,1170,1925,2490,1109,4078,1572,639,360,1157,1125,10286,0.46,0.331,0.773,35.9,16.1,6.4,2.5,1,0.6
103,DeMar DeRozan,2022,2024,3,229,8414,2081,4193,171,509,1498,1728,133,1075,1172,241,105,469,525,5831,0.496,0.336,0.867,36.7,25.5,4.7,5.1,1.1,0.5
104,Derrek Dickey,1978,1978,1,25,220,27,68,,,14,19,15,48,10,4,2,23,27,68,0.397,,0.737,8.8,2.7,1.9,0.4,0.2,0.1
105,Coby Dietrick,1980,1982,3,235,4072,465,1020,3,16,205,283,243,816,421,186,134,244,537,1138,0.456,0.188,0.724,17.3,4.8,3.5,1.8,0.8,0.6
106,Rob Dillingham,2026,2026,1,30,644,116,271,30,100,26,35,14,90,85,28,3,64,78,288,0.428,0.3,0.743,21.5,9.6,3,2.8,0.9,0.1
107,Jackie Dinkins,1972,1972,1,18,89,17,41,,,11,20,,20,7,,,,10,45,0.415,,0.55,4.9,2.5,1.1,0.4,,
108,Ayo Dosunmu,2022,2026,5,324,9001,1390,2759,397,1052,356,449,185,947,1076,267,121,440,713,3533,0.504,0.377,0.793,27.8,10.9,2.9,3.3,0.8,0.4
109,Devon Dotson,2021,2022,2,22,135,22,44,3,16,5,9,3,14,22,5,0,5,14,52,0.5,0.188,0.556,6.1,2.4,0.6,1,0.2,0
110,Goran Dragić,2023,2023,1,51,787,127,299,45,128,27,41,13,69,139,11,4,56,63,326,0.425,0.352,0.659,15.4,6.4,1.4,2.7,0.2,0.1
111,Henri Drell,2024,2024,1,4,30,4,10,2,6,1,2,1,4,4,2,1,2,6,11,0.4,0.333,0.5,7.5,2.8,1,1,0.5,0.3
112,Bryce Drew,2001,2001,1,48,1305,124,327,40,105,14,19,12,69,185,32,3,68,99,302,0.379,0.381,0.737,27.2,6.3,1.4,3.9,0.7,0.1
113,Andre Drummond,2023,2024,2,146,2200,433,754,0,6,196,343,403,1152,70,118,75,156,257,1062,0.574,0,0.571,15.1,7.3,7.9,0.5,0.8,0.5
114,Chris Duarte,2025,2025,1,17,74,12,26,6,15,6,8,5,20,9,0,0,1,7,36,0.462,0.4,0.75,4.4,2.1,1.2,0.5,0,0
115,Charles Dudley,1979,1979,1,43,684,45,125,,,28,42,25,86,116,32,1,64,82,118,0.36,,0.667,15.9,2.7,2,2.7,0.7,0
116,Chris Duhon,2005,2008,4,300,7728,717,1853,336,943,307,391,93,718,1344,269,14,412,599,2077,0.387,0.356,0.785,25.8,6.9,2.4,4.5,0.9,0
117,Mike Dunleavy,2014,2016,3,176,5125,619,1443,269,686,239,288,82,676,339,117,77,194,352,1746,0.429,0.392,0.83,29.1,9.9,3.8,1.9,0.7,0.4
118,Kris Dunn,2018,2020,3,149,4183,653,1514,106,342,179,237,66,594,760,273,65,322,498,1591,0.431,0.31,0.755,28.1,10.7,4,5.1,1.8,0.4
119,Ronald Dupree,2004,2004,1,47,893,111,282,4,9,66,105,55,167,55,32,18,51,134,292,0.394,0.444,0.629,19,6.2,3.6,1.2,0.7,0.4
120,Jarell Eddie,2018,2018,1,1,3,0,1,0,1,0,0,0,0,0,0,0,0,0,0,0,0,,3,0,0,0,0,0
,,,,,Totals,,,,,,,,,,,,,,,,Shooting,,,Per Game,,,,,
Rk,Player,From,To,Yrs,G,MP,FG,FGA,3P,3PA,FT,FTA,ORB,TRB,AST,STL,BLK,TOV,PF,PTS,FG%,3P%,FT%,MP,PTS,TRB,AST,STL,BLK
121,James Edwards,1996,1996,1,28,274,41,110,0,0,16,26,15,40,11,1,8,21,61,98,0.373,,0.615,9.8,3.5,1.4,0.4,0,0.3
122,Khalid El-Amin,2001,2001,1,50,936,115,311,28,84,56,72,21,81,145,48,2,54,99,314,0.37,0.333,0.778,18.7,6.3,1.6,2.9,1,0
123,Chris Engler,1985,1985,1,3,3,1,2,0,0,0,0,1,2,0,0,0,1,1,2,0.5,,,1,0.7,0.7,0,0,0
124,Jo Jo English,1993,1995,3,50,577,74,178,11,32,20,36,12,54,46,18,13,46,85,179,0.416,0.344,0.556,11.5,3.6,1.1,0.9,0.4,0.3
125,Keith Erickson,1967,1968,2,154,3711,612,1581,,,311,416,,762,386,,,,475,1535,0.387,,0.748,24.1,10,4.9,2.5,,
126,Noa Essengue,2026,2026,1,2,6,0,3,0,2,0,0,0,0,0,1,0,0,1,0,0,0,,3,0,0,0,0.5,0
127,Kay Felder,2018,2018,1,14,134,20,66,4,18,11,12,1,14,20,3,1,15,11,55,0.303,0.222,0.917,9.6,3.9,1,1.4,0.2,0.1
128,Cristiano Felício,2016,2021,6,252,3554,431,754,0,14,216,321,381,992,183,72,50,155,358,1078,0.572,0,0.673,14.1,4.3,3.9,0.7,0.3,0.2
129,Eric Fernsten,1976,1977,2,38,320,36,99,,,34,48,34,85,25,8,17,,29,106,0.364,,0.708,8.4,2.8,2.2,0.7,0.2,0.4
130,Marcus Fizer,2001,2004,4,232,5090,961,2227,20,103,484,698,345,1158,287,109,68,363,547,2426,0.432,0.194,0.693,21.9,10.5,5,1.2,0.5,0.3
131,Trentyn Flowers,2026,2026,1,2,6,2,3,0,1,0,0,1,1,1,0,0,1,1,4,0.667,0,,3,2,0.5,0.5,0,0
132,Greg Foster,1995,1995,1,17,299,41,86,0,0,22,31,18,54,16,2,8,17,54,104,0.477,,0.71,17.6,6.1,3.2,0.9,0.1,0.5
133,Jim Fox,1971,1972,2,92,1761,300,664,,,259,349,,652,202,,,,234,859,0.452,,0.742,19.1,9.3,7.1,2.2,,
134,Jimmer Fredette,2014,2014,1,8,56,13,29,4,11,2,2,1,7,3,0,0,4,7,32,0.448,0.364,1,7,4,0.9,0.4,0,0
135,Lawrence Funderburke,2005,2005,1,2,21,3,6,0,0,3,5,1,3,0,0,0,0,2,9,0.5,,0.6,10.5,4.5,1.5,0,0,0
136,Andrew Funk,2024,2024,1,5,13,0,4,0,3,0,0,0,0,0,1,1,0,0,0,0,0,,2.6,0,0,0,0.2,0.2
137,Daniel Gafford,2020,2021,2,74,992,154,221,0,0,59,101,96,209,38,24,90,51,152,367,0.697,,0.584,13.4,5,2.8,0.5,0.3,1.2
138,Thomas Gardner,2008,2008,1,4,45,9,23,3,12,0,2,3,4,1,0,0,4,4,21,0.391,0.25,0,11.3,5.3,1,0.3,0,0
139,Rowland Garrett,1973,1976,4,160,2091,405,907,,,157,204,138,453,69,37,26,,228,967,0.447,,0.77,13.1,6,2.8,0.4,0.3,0.2
140,Pau Gasol,2015,2016,2,150,4972,1037,2148,36,95,523,655,375,1712,504,67,293,322,295,2633,0.483,0.379,0.798,33.1,17.6,11.4,3.4,0.4,2
,,,,,Totals,,,,,,,,,,,,,,,,Shooting,,,Per Game,,,,,
Rk,Player,From,To,Yrs,G,MP,FG,FGA,3P,3PA,FT,FTA,ORB,TRB,AST,STL,BLK,TOV,PF,PTS,FG%,3P%,FT%,MP,PTS,TRB,AST,STL,BLK
141,George Gervin,1986,1986,1,82,2065,519,1100,4,19,283,322,78,215,144,49,23,161,210,1325,0.472,0.211,0.879,25.2,16.2,2.6,1.8,0.6,0.3
142,Taj Gibson,2010,2017,8,562,14170,2181,4408,3,34,915,1319,1336,3586,564,294,695,703,1454,5280,0.495,0.088,0.694,25.2,9.4,6.4,1,0.5,1.2
143,Josh Giddey,2025,2026,2,124,3848,692,1515,208,561,349,452,194,1014,997,139,72,398,212,1941,0.457,0.371,0.772,31,15.7,8.2,8,1.1,0.6
144,Kendall Gill,2004,2004,1,56,1411,215,548,9,38,100,136,61,190,89,65,16,83,107,539,0.392,0.237,0.735,25.2,9.6,3.4,1.6,1.2,0.3
145,Artis Gilmore,1977,1988,7,482,16777,3466,5907,1,1,2355,3307,1491,5342,1186,266,1029,1300,1610,9288,0.587,,0.712,34.8,19.3,11.1,2.5,0.6,2.1
146,Drew Gooden,2008,2009,2,49,1476,261,569,0,6,136,161,140,433,74,39,37,88,162,658,0.459,0,0.845,30.1,13.4,8.8,1.5,0.8,0.8
147,Steve Goodrich,2001,2001,1,12,133,7,18,1,3,4,7,7,21,6,2,1,8,14,19,0.389,0.333,0.571,11.1,1.6,1.8,0.5,0.2,0.1
148,Ben Gordon,2005,2009,5,398,12478,2591,5930,770,1856,1420,1653,225,1196,1192,318,62,965,1069,7372,0.437,0.415,0.859,31.4,18.5,3,3,0.8,0.2
149,Stephen Graham,2006,2006,1,3,20,1,5,1,4,2,2,0,3,1,0,0,1,3,5,0.2,0.25,1,6.7,1.7,1,0.3,0,0
150,Horace Grant,1988,1994,7,546,18204,2844,5371,2,26,1176,1742,1888,4721,1316,587,579,733,1483,6866,0.53,0.077,0.675,33.3,12.6,8.6,2.4,1.1,1.1
151,Jerian Grant,2017,2018,2,137,2714,337,804,110,321,205,261,48,282,463,110,16,133,225,989,0.419,0.343,0.785,19.8,7.2,2.1,3.4,0.8,0.1
152,Aaron Gray,2008,2010,3,125,1378,192,392,0,2,92,165,159,404,89,35,34,98,262,476,0.49,0,0.558,11,3.8,3.2,0.7,0.3,0.3
153,Javonte Green,2021,2024,4,122,2357,296,539,62,171,130,164,144,450,94,111,65,63,216,784,0.549,0.363,0.793,19.3,6.4,3.7,0.8,0.9,0.5
154,Sidney Green,1984,1986,3,177,3714,615,1353,0,12,396,510,338,1078,193,99,68,348,522,1626,0.455,0,0.776,21,9.2,6.1,1.1,0.6,0.4
155,Dave Greenwood,1980,1985,6,464,15011,2292,4825,1,18,1239,1613,1197,4222,1030,362,526,948,1603,5824,0.475,0.056,0.768,32.4,12.6,9.1,2.2,0.8,1.1
156,Adrian Griffin,2005,2008,3,145,1474,143,350,2,15,51,70,111,292,134,87,9,84,175,339,0.409,0.133,0.729,10.2,2.3,2,0.9,0.6,0.1
157,Mouhamadou Gueye,2026,2026,1,2,45,6,11,1,5,3,4,2,6,6,2,1,3,4,16,0.545,0.2,0.75,22.5,8,3,3,1,0.5
158,Matt Guokas,1971,1976,3,178,4575,497,992,,,188,252,28,312,548,50,18,,366,1182,0.501,,0.746,25.7,6.6,1.8,3.1,0.5,0.2
159,A.J. Guyton,2001,2002,2,78,1237,166,436,73,192,37,45,22,80,145,19,12,61,58,442,0.381,0.38,0.822,15.9,5.7,1,1.9,0.2,0.2
160,Jack Haley,1989,1996,3,63,354,48,104,0,0,44,55,29,91,14,11,1,34,65,140,0.462,,0.8,5.6,2.2,1.4,0.2,0.2,0
,,,,,Totals,,,,,,,,,,,,,,,,Shooting,,,Per Game,,,,,
Rk,Player,From,To,Yrs,G,MP,FG,FGA,3P,3PA,FT,FTA,ORB,TRB,AST,STL,BLK,TOV,PF,PTS,FG%,3P%,FT%,MP,PTS,TRB,AST,STL,BLK
161,Shaler Halimon,1970,1971,2,40,540,97,252,,,49,74,,70,73,,,,63,243,0.385,,0.662,13.5,6.1,1.8,1.8,,
162,Richard Hamilton,2012,2013,2,78,1785,344,785,33,98,95,114,36,149,203,36,6,133,149,816,0.438,0.337,0.833,22.9,10.5,1.9,2.6,0.5,0.1
163,Bob Hansen,1992,1992,1,66,769,75,169,7,25,8,22,15,73,68,26,3,28,128,165,0.444,0.28,0.364,11.7,2.5,1.1,1,0.4,0
164,Glenn Hansen,1978,1978,1,2,4,0,2,,,0,0,0,0,0,0,0,1,0,0,0,,,2,0,0,0,0,0
165,Reggie Harding,1968,1968,1,14,305,24,71,,,17,33,,94,18,,,,35,65,0.338,,0.515,21.8,4.6,6.7,1.3,,
166,Ron Harper,1995,1999,5,350,8553,1060,2453,170,571,470,669,327,1056,912,456,180,379,668,2760,0.432,0.298,0.703,24.4,7.9,3,2.6,1.3,0.5
167,Othella Harrington,2005,2006,2,142,2095,352,697,0,0,204,300,160,446,95,31,31,145,319,908,0.505,,0.68,14.8,6.4,3.1,0.7,0.2,0.2
168,Shaquille Harrison,2019,2020,2,116,1914,261,591,40,131,121,173,55,308,188,123,49,79,179,683,0.442,0.305,0.699,16.5,5.9,2.7,1.6,1.1,0.4
169,Clem Haskins,1968,1970,3,237,7565,1478,3411,,,747,987,,964,1095,,,,642,3703,0.433,,0.757,31.9,15.6,4.1,4.6,,
170,Trenton Hassell,2002,2003,2,160,4236,411,1020,73,205,128,169,102,510,323,100,105,184,381,1023,0.403,0.356,0.757,26.5,6.4,3.2,2,0.6,0.7
171,Hersey Hawkins,2000,2000,1,61,1622,159,375,55,141,107,119,31,175,134,74,15,100,146,480,0.424,0.39,0.899,26.6,7.9,2.9,2.2,1.2,0.2
172,Gar Heard,1973,1973,1,78,1535,346,815,,,115,177,,447,58,,,,167,807,0.425,,0.65,19.7,10.3,5.7,0.7,,
173,Bill Hewitt,1975,1975,1,18,467,56,129,,,14,23,30,116,24,9,10,,46,126,0.434,,0.609,25.9,7,6.4,1.3,0.5,0.6
174,Phil Hicks,1977,1977,1,35,255,41,87,,,11,13,25,65,23,7,0,,36,93,0.471,,0.846,7.3,2.7,1.9,0.7,0.2,0
175,Rod Higgins,1983,1986,4,233,4796,634,1423,24,101,387,516,304,726,369,140,110,254,511,1679,0.446,0.238,0.75,20.6,7.2,3.1,1.6,0.6,0.5
176,Malcolm Hill,2022,2023,2,21,175,21,48,11,34,7,10,9,32,7,3,2,3,18,60,0.438,0.324,0.7,8.3,2.9,1.5,0.3,0.1,0.1
177,Kirk Hinrich,2004,2016,11,748,23545,3101,7593,1049,2792,1285,1612,277,2281,3811,857,214,1435,2201,8536,0.408,0.376,0.797,31.5,11.4,3,5.1,1.1,0.3
178,Craig Hodges,1989,1992,4,241,3565,571,1311,238,560,117,130,49,203,399,119,9,139,276,1497,0.436,0.425,0.9,14.8,6.2,0.8,1.7,0.5,0
179,Fred Hoiberg,2000,2003,4,247,5284,476,1142,164,457,325,377,57,765,554,239,24,174,367,1441,0.417,0.359,0.862,21.4,5.8,3.1,2.2,1,0.1
180,Randy Holcomb,2006,2006,1,4,11,1,1,0,0,0,0,1,1,0,0,0,0,2,2,1,,,2.8,0.5,0.3,0,0,0
,,,,,Totals,,,,,,,,,,,,,,,,Shooting,,,Per Game,,,,,
Rk,Player,From,To,Yrs,G,MP,FG,FGA,3P,3PA,FT,FTA,ORB,TRB,AST,STL,BLK,TOV,PF,PTS,FG%,3P%,FT%,MP,PTS,TRB,AST,STL,BLK
181,Justin Holiday,2016,2019,3,137,4100,505,1331,284,779,198,237,58,523,283,166,67,166,253,1492,0.379,0.365,0.835,29.9,10.9,3.8,2.1,1.2,0.5
182,Wilbur Holland,1977,1979,3,243,7820,1523,3345,,,522,647,261,801,896,455,42,408,699,3568,0.455,,0.807,32.2,14.7,3.3,3.7,1.9,0.2
183,A.W. Holt,1971,1971,1,6,14,1,8,,,2,3,,4,0,,,,1,4,0.125,,0.667,2.3,0.7,0.7,0,,
184,Michael Holton,1986,1986,1,24,447,73,155,1,10,24,38,10,30,48,23,0,23,40,171,0.471,0.1,0.632,18.6,7.1,1.3,2,1,0
185,Dennis Hopson,1991,1992,2,63,738,105,246,1,5,55,83,49,109,65,26,14,59,81,266,0.427,0.2,0.663,11.7,4.2,1.7,1,0.4,0.2
186,Talen Horton-Tucker,2025,2025,1,58,724,133,291,41,122,72,98,19,100,83,21,11,40,59,379,0.457,0.336,0.735,12.5,6.5,1.7,1.4,0.4,0.2
187,Kevin Huerter,2025,2026,2,70,1817,313,698,140,409,56,77,34,254,198,65,33,79,136,822,0.448,0.342,0.727,26,11.7,3.6,2.8,0.9,0.5
188,Larry Hughes,2008,2009,2,58,1602,252,631,64,170,129,162,18,181,146,75,15,80,99,697,0.399,0.376,0.796,27.6,12,3.1,2.5,1.3,0.3
189,John Hummer,1974,1974,1,18,186,23,46,,,14,28,13,37,13,3,1,,30,60,0.5,,0.5,10.3,3.3,2.1,0.7,0.2,0.1
190,Lindsey Hunter,2009,2010,2,41,388,32,112,17,61,5,7,3,26,46,21,1,23,40,86,0.286,0.279,0.714,9.5,2.1,0.6,1.1,0.5,0
191,R.J. Hunter,2017,2017,1,3,9,0,1,0,1,0,0,0,1,0,0,0,0,0,0,0,0,,3,0,0.3,0,0,0
192,Chandler Hutchison,2019,2021,3,79,1486,181,402,27,91,71,118,50,313,64,51,13,57,115,460,0.45,0.297,0.602,18.8,5.8,4,0.8,0.6,0.2
193,Jaden Ivey,2026,2026,1,4,115,15,36,8,21,8,9,5,19,16,8,2,6,9,46,0.417,0.381,0.889,28.8,11.5,4.8,4,2,0.5
194,Tracy Jackson,1982,1983,2,116,1721,268,572,2,13,124,165,115,230,127,75,14,101,175,662,0.469,0.154,0.752,14.8,5.7,2,1.1,0.6,0.1
195,Mike James,2012,2014,2,22,197,25,70,7,15,7,10,2,17,46,6,2,19,31,64,0.357,0.467,0.7,9,2.9,0.8,2.1,0.3,0.1
196,Chris Jefferies,2004,2004,1,19,187,24,66,16,39,12,19,5,28,6,4,7,18,36,76,0.364,0.41,0.632,9.8,4,1.5,0.3,0.2,0.4
197,Alize Johnson,2022,2022,1,16,121,12,23,0,2,4,7,16,36,8,3,0,8,15,28,0.522,0,0.571,7.6,1.8,2.3,0.5,0.2,0
198,Dave Johnson,1994,1994,1,17,119,17,54,0,1,13,21,9,16,4,4,0,9,7,47,0.315,0,0.619,7,2.8,0.9,0.2,0.2,0
199,James Johnson,2010,2011,2,78,880,112,251,17,55,57,83,40,152,62,29,52,80,151,298,0.446,0.309,0.687,11.3,3.8,1.9,0.8,0.4,0.7
200,Linton Johnson,2004,2009,2,49,776,76,214,8,35,22,37,62,191,29,38,32,39,96,182,0.355,0.229,0.595,15.8,3.7,3.9,0.6,0.8,0.7
,,,,,Totals,,,,,,,,,,,,,,,,Shooting,,,Per Game,,,,,
Rk,Player,From,To,Yrs,G,MP,FG,FGA,3P,3PA,FT,FTA,ORB,TRB,AST,STL,BLK,TOV,PF,PTS,FG%,3P%,FT%,MP,PTS,TRB,AST,STL,BLK
201,Mickey Johnson,1975,1979,5,363,10992,2126,4676,,,1279,1600,1019,3045,992,386,268,582,1267,5531,0.455,,0.799,30.3,15.2,8.4,2.7,1.1,0.7
202,Ollie Johnson,1979,1980,2,150,3269,543,1067,1,11,170,203,108,390,324,113,57,210,347,1257,0.509,,0.837,21.8,8.4,2.6,2.2,0.8,0.4
203,Steve Johnson,1984,1985,2,105,2253,394,714,0,3,245,362,214,603,82,52,83,210,384,1033,0.552,0,0.677,21.5,9.8,5.7,0.8,0.5,0.8
204,Anthony Jones,1989,1989,1,8,65,5,15,0,1,2,2,4,8,4,2,1,1,7,12,0.333,0,1,8.1,1.5,1,0.5,0.3,0.1
205,Caldwell Jones,1985,1985,1,42,885,53,115,0,2,36,47,49,211,34,12,31,40,125,142,0.461,0,0.766,21.1,3.4,5,0.8,0.3,0.7
206,Carlik Jones,2023,2023,1,7,56,6,15,3,6,5,8,1,5,6,2,0,2,2,20,0.4,0.5,0.625,8,2.9,0.7,0.9,0.3,0
207,Charles Jones,1985,1985,1,3,29,2,4,0,0,4,6,2,6,1,0,5,4,6,8,0.5,,0.667,9.7,2.7,2,0.3,0,1.7
208,Charles Jones,1999,1999,1,29,476,39,123,19,61,11,22,9,42,41,18,5,29,30,108,0.317,0.311,0.5,16.4,3.7,1.4,1.4,0.6,0.2
209,Derrick Jones Jr.,2022,2023,2,115,1792,220,425,47,141,118,154,120,322,64,54,70,55,191,605,0.518,0.333,0.766,15.6,5.3,2.8,0.6,0.5,0.6
210,Dwight Jones,1980,1983,4,261,5457,841,1659,1,1,463,639,422,1399,343,131,123,449,666,2146,0.507,1,0.725,20.9,8.2,5.4,1.3,0.5,0.5
211,Tre Jones,2025,2026,2,83,2207,424,762,52,152,221,261,54,262,438,95,16,106,116,1121,0.556,0.342,0.847,26.6,13.5,3.2,5.3,1.1,0.2
212,Michael Jordan,1985,1998,13,930,35887,10962,21686,555,1670,6798,8115,1547,5836,5012,2306,828,2589,2493,29277,0.505,0.332,0.838,38.6,31.5,6.3,5.4,2.5,0.9
213,Bob Kauffman,1970,1970,1,64,775,94,221,,,88,123,,211,76,,,,117,276,0.425,,0.715,12.1,4.3,3.3,1.2,,
214,Yuki Kawamura,2026,2026,1,18,209,17,52,11,37,17,19,7,33,47,9,0,14,15,62,0.327,0.297,0.895,11.6,3.4,1.8,2.6,0.5,0
215,Larry Kenon,1981,1983,3,142,3222,648,1364,0,0,230,333,252,582,185,106,25,245,233,1526,0.475,,0.691,22.7,10.7,4.1,1.3,0.7,0.2
216,Steve Kerr,1994,1998,5,378,8774,1178,2323,430,898,323,378,114,567,824,275,16,217,489,3109,0.507,0.479,0.854,23.2,8.2,1.5,2.2,0.7,0
217,Lari Ketner,2000,2000,1,6,41,4,10,0,0,2,2,0,7,1,1,1,3,8,10,0.4,,1,6.8,1.7,1.2,0.2,0.2,0.2
218,Viktor Khryapa,2007,2008,2,42,336,39,101,0,7,27,40,26,77,29,16,1,22,64,105,0.386,0,0.675,8,2.5,1.8,0.7,0.4,0
219,Sean Kilpatrick,2018,2018,1,9,214,47,107,19,48,26,32,3,25,13,6,3,12,8,139,0.439,0.396,0.813,23.8,15.4,2.8,1.4,0.7,0.3
220,Jim King,1971,1973,3,193,2444,378,847,,,197,244,,225,260,,,,234,953,0.446,,0.807,12.7,4.9,1.2,1.3,,
,,,,,Totals,,,,,,,,,,,,,,,,Shooting,,,Per Game,,,,,
Rk,Player,From,To,Yrs,G,MP,FG,FGA,3P,3PA,FT,FTA,ORB,TRB,AST,STL,BLK,TOV,PF,PTS,FG%,3P%,FT%,MP,PTS,TRB,AST,STL,BLK
221,Stacey King,1990,1994,5,344,5839,866,1800,4,16,542,752,483,1136,339,127,157,399,670,2278,0.481,0.25,0.721,17,6.6,3.3,1,0.4,0.5
222,Joe Kleine,1998,1998,1,46,397,39,106,0,0,15,18,27,77,30,4,5,28,63,93,0.368,,0.833,8.6,2,1.7,0.7,0.1,0.1
223,Don Kojis,1967,1967,1,78,1655,329,773,,,134,222,,479,70,,,,204,792,0.426,,0.604,21.2,10.2,6.1,0.9,,
224,Luke Kornet,2020,2021,2,49,653,91,214,37,131,22,32,23,99,36,13,33,15,55,241,0.425,0.282,0.688,13.3,4.9,2,0.7,0.3,0.7
225,Kyle Korver,2011,2012,2,147,3118,420,969,238,560,132,153,38,309,236,71,35,113,266,1210,0.433,0.425,0.863,21.2,8.2,2.1,1.6,0.5,0.2
226,Tom Kropp,1977,1977,1,53,480,73,152,,,28,41,21,47,39,18,1,,77,174,0.48,,0.683,9.1,3.3,0.9,0.7,0.3,0
227,Larry Krystkowiak,1995,1995,1,19,287,28,72,0,0,27,30,19,59,26,9,2,25,34,83,0.389,,0.9,15.1,4.4,3.1,1.4,0.5,0.1
228,Toni Kukoč,1994,2000,7,436,12862,2317,5064,351,1072,1163,1554,685,2088,1840,476,173,887,814,6148,0.458,0.327,0.748,29.5,14.1,4.8,4.2,1.1,0.4
229,Mark Landsberger,1978,1980,3,196,4021,588,1182,0,0,269,517,559,1493,141,71,45,293,316,1445,0.497,,0.52,20.5,7.4,7.6,0.7,0.4,0.2
230,Andrew Lang,1999,1999,1,21,386,32,99,0,0,16,23,33,93,13,5,12,17,43,80,0.323,,0.696,18.4,3.8,4.4,0.6,0.2,0.6
231,Rusty LaRue,1998,2000,3,61,1001,113,309,36,119,27,32,11,74,79,43,4,47,87,289,0.366,0.303,0.844,16.4,4.7,1.2,1.3,0.7,0.1
232,John Laskowski,1976,1977,2,118,2132,359,902,,,114,150,68,282,99,88,12,,112,832,0.398,,0.76,18.1,7.1,2.4,0.8,0.7,0.1
233,Joffrey Lauvergne,2017,2017,1,20,241,37,92,6,20,9,15,21,68,19,7,0,16,12,89,0.402,0.3,0.6,12.1,4.5,3.4,1,0.4,0
234,Zach LaVine,2018,2025,8,416,14346,3545,7472,1130,2898,1836,2202,210,1950,1808,388,144,1205,864,10056,0.474,0.39,0.834,34.5,24.2,4.7,4.3,0.9,0.3
235,Acie Law,2010,2010,1,12,135,21,45,4,12,20,27,3,14,16,4,0,12,8,66,0.467,0.333,0.741,11.3,5.5,1.2,1.3,0.3,0
236,Walt Lemon Jr.,2019,2019,1,6,167,38,87,2,5,8,11,4,27,30,11,1,10,14,86,0.437,0.4,0.727,27.8,14.3,4.5,5,1.8,0.2
237,Ronnie Lester,1981,1984,4,191,4459,619,1315,5,18,417,525,144,437,869,163,26,400,343,1660,0.471,0.278,0.794,23.3,8.7,2.3,4.5,0.9,0.1
238,Clifford Lett,1990,1990,1,4,28,2,8,0,0,0,0,0,0,1,0,0,2,8,4,0.25,,,7,1,0,0.3,0,0
239,Cliff Levingston,1991,1992,2,157,2033,252,533,2,10,119,187,208,452,122,56,88,92,277,625,0.473,0.2,0.636,12.9,4,2.9,0.8,0.4,0.6
240,E.J. Liddell,2025,2025,1,12,53,8,15,3,10,2,2,3,9,3,1,1,2,11,21,0.533,0.3,1,4.4,1.8,0.8,0.3,0.1,0.1
,,,,,Totals,,,,,,,,,,,,,,,,Shooting,,,Per Game,,,,,
Rk,Player,From,To,Yrs,G,MP,FG,FGA,3P,3PA,FT,FTA,ORB,TRB,AST,STL,BLK,TOV,PF,PTS,FG%,3P%,FT%,MP,PTS,TRB,AST,STL,BLK
241,Randy Livingston,2006,2006,1,5,22,0,2,0,0,0,0,1,4,1,1,0,1,6,0,0,,,4.4,0,0.8,0.2,0.2,0
242,Scott Lloyd,1979,1979,1,67,465,42,120,,,27,47,48,93,32,9,8,43,86,111,0.35,,0.574,6.9,1.7,1.4,0.5,0.1,0.1
243,Luc Longley,1994,1998,5,261,6330,960,2074,0,4,406,523,462,1392,557,113,278,481,882,2326,0.463,0,0.776,24.3,8.9,5.3,2.1,0.4,1.1
244,Robin Lopez,2017,2019,3,219,5567,1028,1955,11,47,232,317,518,1096,293,43,248,294,384,2299,0.526,0.234,0.732,25.4,10.5,5,1.3,0.2,1.1
245,Bob Love,1969,1977,9,592,22073,4948,11497,,,2727,3343,511,3998,991,218,52,,1741,12623,0.43,,0.816,37.3,21.3,6.8,1.7,0.9,0.2
246,John Lucas III,2011,2012,2,51,736,144,361,55,141,28,34,22,76,109,19,1,42,42,371,0.399,0.39,0.824,14.4,7.3,1.5,2.1,0.4,0
247,Timothé Luwawu-Cabarrot,2019,2019,1,29,546,69,175,31,94,27,35,7,79,22,15,7,16,59,196,0.394,0.33,0.771,18.8,6.8,2.7,0.8,0.5,0.2
248,Ollie Mack,1980,1981,2,26,542,78,155,0,4,30,35,25,50,34,21,3,26,37,186,0.503,0,0.857,20.8,7.2,1.9,1.3,0.8,0.1
249,Kyle Macy,1986,1986,1,82,2426,286,592,58,141,73,90,41,178,446,81,11,117,201,703,0.483,0.411,0.811,29.6,8.6,2.2,5.4,1,0.1
250,Matt Maloney,2000,2000,1,51,1175,114,318,62,174,37,45,10,64,138,32,3,63,42,327,0.358,0.356,0.822,23,6.4,1.3,2.7,0.6,0.1
251,Ed Manning,1970,1970,1,38,616,87,255,,,37,48,,197,34,,,,89,211,0.341,,0.771,16.2,5.6,5.2,0.9,,
252,Jack Marin,1976,1977,2,121,2500,469,1077,,,165,194,86,303,180,51,11,,219,1103,0.435,,0.851,20.7,9.1,2.5,1.5,0.4,0.1
253,Lauri Markkanen,2018,2021,4,221,6511,1217,2769,493,1346,512,606,248,1559,273,144,111,301,396,3439,0.44,0.366,0.845,29.5,15.6,7.1,1.2,0.7,0.5
254,Donyell Marshall,2003,2004,2,94,2786,478,1054,44,114,181,241,262,798,165,108,105,157,281,1181,0.454,0.386,0.751,29.6,12.6,8.5,1.8,1.1,1.1
255,Cartier Martin,2014,2014,1,6,48,5,8,3,5,2,4,1,5,2,1,0,1,3,15,0.625,0.6,0.5,8,2.5,0.8,0.3,0.2,0
256,Roger Mason,2003,2004,2,20,156,12,42,7,24,2,2,2,15,15,5,0,7,25,33,0.286,0.292,1,7.8,1.7,0.8,0.8,0.3,0
257,Wes Matthews,1985,1985,1,78,1523,191,386,2,16,59,85,16,67,354,73,12,124,133,443,0.495,0.125,0.694,19.5,5.7,0.9,4.5,0.9,0.2
258,Scott May,1977,1981,5,281,6687,1199,2633,0,4,650,804,413,1206,465,230,36,324,615,3048,0.455,,0.808,23.8,10.8,4.3,1.7,0.8,0.1
259,Mac McClung,2022,2026,2,9,104,17,42,5,20,11,14,2,6,9,6,2,8,13,50,0.405,0.25,0.786,11.6,5.6,0.7,1,0.7,0.2
260,Paul McCracken,1977,1977,1,9,119,18,47,,,11,18,6,16,14,6,0,,17,47,0.383,,0.611,13.2,5.2,1.8,1.6,0.7,0
,,,,,Totals,,,,,,,,,,,,,,,,Shooting,,,Per Game,,,,,
Rk,Player,From,To,Yrs,G,MP,FG,FGA,3P,3PA,FT,FTA,ORB,TRB,AST,STL,BLK,TOV,PF,PTS,FG%,3P%,FT%,MP,PTS,TRB,AST,STL,BLK
261,Rodney McCray,1993,1993,1,64,1019,92,204,2,5,36,52,53,158,81,12,15,53,99,222,0.451,0.4,0.692,15.9,3.5,2.5,1.3,0.2,0.2
262,Doug McDermott,2015,2017,3,161,3260,500,1124,179,450,141,166,57,368,110,29,11,102,213,1320,0.445,0.398,0.849,20.2,8.2,2.3,0.7,0.2,0.1
263,Kenny McIntosh,1972,1973,2,46,438,65,181,,,21,46,,98,19,,,,45,151,0.359,,0.457,9.5,3.3,2.1,0.4,,
264,Billy McKinney,1986,1986,1,9,83,10,23,0,0,2,2,1,5,13,3,0,2,9,22,0.435,,1,9.2,2.4,0.6,1.4,0.3,0
265,Alfonzo McKinnie,2022,2022,1,17,206,24,61,9,27,2,8,13,33,5,2,3,7,26,59,0.393,0.333,0.25,12.1,3.5,1.9,0.3,0.1,0.2
266,McCoy McLemore,1967,1968,2,155,3482,632,1610,,,425,548,,804,192,,,,408,1689,0.393,,0.776,22.5,10.9,5.2,1.2,,
267,John Mengelt,1977,1980,4,253,5037,962,1988,0,6,462,582,98,380,571,144,12,280,473,2386,0.484,,0.794,19.9,9.4,1.5,2.3,0.6,0
268,Ron Mercer,2001,2002,2,101,4038,786,1838,31,103,272,336,116,391,319,108,37,208,234,1875,0.428,0.301,0.81,40,18.6,3.9,3.2,1.1,0.4
269,Brad Miller,2001,2010,4,214,5521,734,1645,43,154,639,815,470,1420,448,151,108,301,609,2150,0.446,0.279,0.784,25.8,10,6.6,2.1,0.7,0.5
270,Emanuel Miller,2025,2026,2,11,58,10,21,2,7,3,4,5,11,6,3,0,0,5,25,0.476,0.286,0.75,5.3,2.3,1,0.5,0.3,0
271,Leonard Miller,2026,2026,1,27,624,127,229,31,87,32,42,47,156,35,13,15,27,53,317,0.555,0.356,0.762,23.1,11.7,5.8,1.3,0.5,0.6
272,Nikola Mirotić,2015,2018,4,243,5601,902,2160,432,1197,538,672,200,1309,311,180,168,302,496,2774,0.418,0.361,0.801,23,11.4,5.4,1.3,0.7,0.7
273,Nazr Mohammed,2013,2015,3,166,1383,133,336,0,2,51,80,150,408,49,39,67,68,190,317,0.396,0,0.638,8.3,1.9,2.5,0.3,0.2,0.4
274,Adam Mokoka,2020,2021,2,25,168,19,47,7,25,2,5,8,15,9,6,1,7,22,47,0.404,0.28,0.4,6.7,1.9,0.6,0.4,0.2,0
275,E'Twaun Moore,2015,2016,2,115,1767,249,528,60,142,34,55,31,179,132,57,24,67,148,592,0.472,0.423,0.618,15.4,5.1,1.6,1.1,0.5,0.2
276,Anthony Morrow,2017,2017,1,9,87,12,29,6,14,11,11,1,2,6,2,0,0,4,41,0.414,0.429,1,9.7,4.6,0.2,0.7,0.2,0
277,Erwin Mueller,1967,1969,3,167,3823,588,1416,,,263,432,,857,331,,,,399,1439,0.415,,0.609,22.9,8.6,5.1,2,,
278,Erik Murphy,2014,2014,1,24,62,3,13,0,3,0,0,2,8,2,0,4,2,7,6,0.231,0,,2.6,0.3,0.3,0.1,0,0.2
279,Ronald Murray,2010,2010,1,29,680,108,272,28,90,48,63,13,85,51,18,4,26,49,292,0.397,0.311,0.762,23.4,10.1,2.9,1.8,0.6,0.1
280,Pete Myers,1987,1995,3,182,3455,391,895,18,74,234,351,119,337,414,150,37,234,345,1034,0.437,0.243,0.667,19,5.7,1.9,2.3,0.8,0.2
,,,,,Totals,,,,,,,,,,,,,,,,Shooting,,,Per Game,,,,,
Rk,Player,From,To,Yrs,G,MP,FG,FGA,3P,3PA,FT,FTA,ORB,TRB,AST,STL,BLK,TOV,PF,PTS,FG%,3P%,FT%,MP,PTS,TRB,AST,STL,BLK
281,Ed Nealy,1989,1993,3,70,676,52,100,1,7,33,45,54,177,36,22,6,20,96,138,0.52,0.143,0.733,9.7,2,2.5,0.5,0.3,0.1
282,Chuck Nevitt,1992,1992,1,4,9,1,3,0,0,0,0,0,1,1,0,0,3,2,2,0.333,,,2.3,0.5,0.3,0.3,0,0
283,Dave Newmark,1969,1969,1,81,1159,185,475,,,86,139,,347,58,,,,205,456,0.389,,0.619,14.3,5.6,4.3,0.7,,
284,Demetris Nichols,2008,2009,2,13,35,6,19,3,11,0,0,0,4,2,0,3,2,5,15,0.316,0.273,,2.7,1.2,0.3,0.2,0,0.2
285,Joakim Noah,2008,2016,9,572,16848,2030,4141,0,14,1265,1780,1910,5387,1704,481,803,1015,1637,5325,0.49,0,0.711,29.5,9.3,9.4,3,0.8,1.4
286,Andrés Nocioni,2005,2009,5,351,8836,1462,3342,403,1099,793,976,282,1751,451,155,169,565,1045,4120,0.437,0.367,0.813,25.2,11.7,5,1.3,0.4,0.5
287,David Nwaba,2018,2018,1,70,1646,202,423,18,52,133,203,89,326,104,59,29,77,158,555,0.478,0.346,0.655,23.5,7.9,4.7,1.5,0.8,0.4
288,Charles Oakley,1986,2002,4,298,8951,1221,2632,15,51,705,1013,952,3147,791,270,105,802,1012,3162,0.464,0.294,0.696,30,10.6,10.6,2.7,0.9,0.4
289,Isaac Okoro,2026,2026,1,63,1695,211,459,73,221,89,112,69,173,100,46,29,46,162,584,0.46,0.33,0.795,26.9,9.3,2.7,1.6,0.7,0.5
290,Mark Olberding,1983,1983,1,80,1817,251,522,2,12,194,248,108,358,131,50,9,152,246,698,0.481,0.167,0.782,22.7,8.7,4.5,1.6,0.6,0.1
291,Lachlan Olbrich,2026,2026,1,37,344,36,77,2,19,15,40,45,112,42,12,8,16,49,89,0.468,0.105,0.375,9.3,2.4,3,1.1,0.3,0.2
292,Jawann Oldham,1983,1986,4,195,3310,397,791,0,2,138,229,284,822,106,59,350,240,541,932,0.502,0,0.603,17,4.8,4.2,0.5,0.3,1.8
293,Kevin Ollie,2002,2002,1,52,1146,97,253,1,2,109,130,18,128,193,36,1,80,64,304,0.383,0.5,0.838,22,5.8,2.5,3.7,0.7,0
294,Jannero Pargo,2004,2010,4,165,2273,389,1040,120,360,99,116,37,213,306,76,10,186,216,997,0.374,0.333,0.853,13.8,6,1.3,1.9,0.5,0.1
295,Robert Parish,1997,1997,1,43,406,70,143,0,0,21,31,42,89,22,6,19,28,40,161,0.49,,0.677,9.4,3.7,2.1,0.5,0.1,0.4
296,Jabari Parker,2019,2019,1,39,1042,220,464,37,114,79,108,41,241,84,23,14,84,87,556,0.474,0.325,0.731,26.7,14.3,6.2,2.2,0.6,0.4
297,Steve Patterson,1976,1976,1,52,782,69,182,,,26,44,73,200,71,13,11,,82,164,0.379,,0.591,15,3.2,3.8,1.4,0.3,0.2
298,Charlie Paulk,1972,1972,1,7,60,8,28,,,7,9,,15,4,,,,7,23,0.286,,0.778,8.6,3.3,2.1,0.6,,
299,John Paxson,1986,1994,9,645,15540,2146,4290,259,713,381,472,144,805,2394,462,39,538,1266,4932,0.5,0.363,0.807,24.1,7.6,1.2,3.7,0.7,0.1
300,Cameron Payne,2017,2019,3,67,1260,177,446,62,184,35,45,29,139,211,50,15,83,107,451,0.397,0.337,0.778,18.8,6.7,2.1,3.1,0.7,0.2
,,,,,Totals,,,,,,,,,,,,,,,,Shooting,,,Per Game,,,,,
Rk,Player,From,To,Yrs,G,MP,FG,FGA,3P,3PA,FT,FTA,ORB,TRB,AST,STL,BLK,TOV,PF,PTS,FG%,3P%,FT%,MP,PTS,TRB,AST,STL,BLK
301,Will Perdue,1989,2000,8,518,7052,905,1838,1,13,453,763,778,2104,447,132,288,537,1014,2264,0.492,0.077,0.594,13.6,4.4,4.1,0.9,0.3,0.6
302,Loy Petersen,1969,1970,2,69,530,77,199,,,45,66,,67,48,,,,61,199,0.387,,0.682,7.7,2.9,1,0.7,,
303,Julian Phillips,2024,2026,3,154,1780,197,452,78,240,82,106,101,249,59,62,33,44,181,554,0.436,0.325,0.774,11.6,3.6,1.6,0.4,0.4,0.2
304,Eric Piatkowski,2005,2006,2,97,1069,135,319,66,167,47,61,19,102,64,35,2,48,87,383,0.423,0.395,0.77,11,3.9,1.1,0.7,0.4,0
305,Scottie Pippen,1988,2004,12,856,30269,5991,12444,664,2031,2477,3576,1687,5726,4494,1792,774,2401,2534,15123,0.481,0.327,0.693,35.4,17.7,6.7,5.3,2.1,0.9
306,Cliff Pondexter,1976,1978,3,197,2856,300,722,,,178,267,226,747,218,81,52,30,282,778,0.416,,0.667,14.5,3.9,3.8,1.1,0.4,0.3
307,Quincy Pondexter,2018,2018,1,23,196,14,49,3,22,14,17,8,27,9,8,2,11,24,45,0.286,0.136,0.824,8.5,2,1.2,0.4,0.3,0.1
308,Ben Poquette,1987,1987,1,21,167,21,40,0,1,9,11,10,24,7,3,12,4,26,51,0.525,0,0.818,8,2.4,1.1,0.3,0.1,0.6
309,Howard Porter,1972,1974,3,183,2366,565,1278,,,173,221,86,586,72,23,39,,256,1303,0.442,,0.783,12.9,7.1,3.2,0.4,0.3,0.5
310,Otto Porter Jr.,2019,2021,3,54,1363,248,543,101,237,79,96,55,269,115,45,19,61,97,676,0.457,0.426,0.823,25.2,12.5,5,2.1,0.8,0.4
311,Bobby Portis,2016,2019,4,221,4276,873,1893,155,443,246,331,403,1292,239,102,64,223,385,2147,0.461,0.35,0.743,19.3,9.7,5.8,1.1,0.5,0.3
312,Dominic Pressley,1989,1989,1,3,17,1,6,0,2,0,0,0,1,4,0,0,0,2,2,0.167,0,,5.7,0.7,0.3,1.3,0,0
313,Vladimir Radmanović,2013,2013,1,25,144,13,43,5,27,2,3,10,28,8,8,4,7,29,33,0.302,0.185,0.667,5.8,1.3,1.1,0.3,0.3,0.2
314,Mark Randall,1992,1992,1,15,67,10,22,0,2,6,8,4,9,7,0,0,6,8,26,0.455,0,0.75,4.5,1.7,0.6,0.5,0,0
315,Clifford Ray,1972,1974,3,235,6513,789,1573,,,372,606,285,2643,771,58,173,,809,1950,0.502,,0.614,27.7,8.3,11.2,3.3,0.7,2.2
316,Khalid Reeves,2000,2000,1,3,48,3,12,0,3,5,5,2,4,13,2,0,6,8,11,0.25,0,1,16,3.7,1.3,4.3,0.7,0
317,Jared Reiner,2005,2005,1,19,132,10,30,0,0,1,4,13,38,1,3,7,9,35,21,0.333,,0.25,6.9,1.1,2,0.1,0.2,0.4
318,Chris Richard,2010,2010,1,18,224,15,29,0,0,7,11,19,59,7,8,4,14,50,37,0.517,,0.636,12.4,2.1,3.3,0.4,0.4,0.2
319,Nick Richards,2026,2026,1,20,447,68,130,5,18,46,73,42,152,8,6,18,34,49,187,0.523,0.278,0.63,22.4,9.4,7.6,0.4,0.3,0.9
320,Norm Richardson,2002,2002,1,8,63,10,23,4,8,6,9,2,7,1,0,0,3,5,30,0.435,0.5,0.667,7.9,3.8,0.9,0.1,0,0
,,,,,Totals,,,,,,,,,,,,,,,,Shooting,,,Per Game,,,,,
Rk,Player,From,To,Yrs,G,MP,FG,FGA,3P,3PA,FT,FTA,ORB,TRB,AST,STL,BLK,TOV,PF,PTS,FG%,3P%,FT%,MP,PTS,TRB,AST,STL,BLK
321,Anthony Roberson,2009,2009,1,6,23,5,17,2,10,0,0,2,7,1,0,0,1,0,12,0.294,0.2,,3.8,2,1.2,0.2,0,0
322,Eddie Robinson,2002,2004,3,144,3032,424,888,6,24,115,154,127,382,161,118,34,133,212,969,0.477,0.25,0.747,21.1,6.7,2.7,1.1,0.8,0.2
323,Flynn Robinson,1968,1969,2,91,2580,565,1293,,,380,458,,337,271,,,,232,1510,0.437,,0.83,28.4,16.6,3.7,3,,
324,Jackie Robinson,1982,1982,1,3,29,3,9,0,0,4,4,3,3,0,0,0,1,1,10,0.333,,1,9.7,3.3,1,0,0,0
325,Nate Robinson,2013,2013,1,82,2086,399,921,141,348,135,169,29,184,358,85,10,144,207,1074,0.433,0.405,0.799,25.4,13.1,2.2,4.4,1,0.1
326,Guy Rodgers,1967,1968,2,85,3192,554,1431,,,392,486,,360,936,,,,254,1500,0.387,,0.807,37.6,17.6,4.2,11,,
327,Dennis Rodman,1996,1998,3,199,6891,429,950,12,69,167,305,1097,3036,560,115,64,396,606,1037,0.452,0.174,0.548,34.6,5.2,15.3,2.8,0.6,0.3
328,Rajon Rondo,2017,2017,1,69,1843,229,561,50,133,30,50,73,355,461,99,11,169,144,538,0.408,0.376,0.6,26.7,7.8,5.1,6.7,1.4,0.2
329,Derrick Rose,2009,2016,7,406,14210,3102,6920,350,1158,1447,1780,358,1489,2516,328,155,1186,571,8001,0.448,0.302,0.813,35,19.7,3.7,6.2,0.8,0.4
330,Jalen Rose,2002,2004,3,128,5096,993,2370,193,513,563,667,89,539,609,117,43,418,419,2742,0.419,0.376,0.844,39.8,21.4,4.2,4.8,0.9,0.3
331,Michael Ruffin,2000,2001,2,116,1854,98,228,0,0,82,165,218,512,83,56,64,105,301,278,0.43,,0.497,16,2.4,4.4,0.7,0.5,0.6
332,Paul Ruffner,1971,1971,1,10,60,15,35,,,4,8,,16,2,,,,10,34,0.429,,0.5,6,3.4,1.6,0.2,,
333,Cazzie Russell,1978,1978,1,36,789,133,304,,,49,57,31,83,61,19,4,35,63,315,0.438,,0.86,21.9,8.8,2.3,1.7,0.5,0.1
334,Frank Russell,1973,1973,1,23,131,29,77,,,16,18,,17,15,,,,12,74,0.377,,0.889,5.7,3.2,0.7,0.7,,
335,John Salley,1996,1996,1,17,191,12,35,0,0,12,20,20,43,15,8,15,16,38,36,0.343,,0.6,11.2,2.1,2.5,0.9,0.5,0.9
336,John Salmons,2009,2010,2,77,2674,395,897,122,310,213,262,34,286,178,90,37,113,161,1125,0.44,0.394,0.813,34.7,14.6,3.7,2.3,1.2,0.5
337,Brandon Sampson,2019,2019,1,14,214,28,60,11,29,4,6,3,16,10,8,3,12,19,71,0.467,0.379,0.667,15.3,5.1,1.1,0.7,0.6,0.2
338,JaKarr Sampson,2019,2019,1,4,127,29,54,5,14,17,21,5,32,4,4,3,4,8,80,0.537,0.357,0.81,31.8,20,8,1,1,0.8
339,Jeff Sanders,1990,1990,1,31,182,13,40,0,0,2,4,17,39,9,4,4,15,27,28,0.325,,0.5,5.9,0.9,1.3,0.3,0.1,0.1
340,Adama Sanogo,2024,2025,2,13,87,18,34,0,0,8,12,24,42,1,1,0,6,6,44,0.529,,0.667,6.7,3.4,3.2,0.1,0.1,0
,,,,,Totals,,,,,,,,,,,,,,,,Shooting,,,Per Game,,,,,
Rk,Player,From,To,Yrs,G,MP,FG,FGA,3P,3PA,FT,FTA,ORB,TRB,AST,STL,BLK,TOV,PF,PTS,FG%,3P%,FT%,MP,PTS,TRB,AST,STL,BLK
341,Tomáš Satoranský,2020,2021,2,123,3185,406,880,106,317,173,200,106,396,625,120,21,226,224,1091,0.461,0.334,0.865,25.9,8.9,3.2,5.1,1,0.2
342,Brian Scalabrine,2011,2012,2,46,210,24,49,1,12,3,6,9,29,21,8,10,14,27,52,0.49,0.083,0.5,4.6,1.1,0.6,0.5,0.2,0.2
343,Dave Schellhase,1967,1968,2,73,513,87,249,,,34,60,,76,60,,,,70,208,0.349,,0.567,7,2.8,1,0.8,,
344,Luke Schenscher,2006,2006,1,20,149,16,26,0,0,4,13,8,29,7,1,3,5,21,36,0.615,,0.308,7.5,1.8,1.5,0.4,0.1,0.2
345,Thabo Sefolosha,2007,2009,3,183,3039,368,859,59,180,119,174,111,531,254,129,60,190,278,914,0.428,0.328,0.684,16.6,5,2.9,1.4,0.7,0.3
346,Wayne Selden,2019,2019,1,43,984,131,322,35,111,45,63,21,136,73,23,7,56,83,342,0.407,0.315,0.714,22.9,8,3.2,1.7,0.5,0.2
347,Brad Sellers,1987,1989,3,242,5695,833,1796,6,23,336,431,347,850,342,113,203,247,544,2008,0.464,0.261,0.78,23.5,8.3,3.5,1.4,0.5,0.8
348,Collin Sexton,2026,2026,1,26,676,158,328,55,134,83,101,23,75,66,40,3,52,69,454,0.482,0.41,0.822,26,17.5,2.9,2.5,1.5,0.1
349,Tornike Shengelia,2014,2014,1,9,17,2,4,0,0,0,0,0,2,2,1,0,1,2,4,0.5,,,1.9,0.4,0.2,0.2,0.1,0
350,Steve Sheppard,1978,1979,2,86,901,143,313,,,49,75,83,159,58,19,3,67,88,335,0.457,,0.653,10.5,3.9,1.8,0.7,0.2,0
351,Paul Shirley,2004,2004,1,7,86,10,23,0,1,1,3,8,16,4,1,1,9,9,21,0.435,0,0.333,12.3,3,2.3,0.6,0.1,0.1
352,Cedric Simmons,2008,2009,2,18,80,13,29,0,0,6,16,5,15,2,1,4,2,7,32,0.448,,0.375,4.4,1.8,0.8,0.1,0.1,0.2
353,Marko Simonovic,2022,2023,2,16,55,6,22,2,9,9,13,6,12,0,1,1,2,11,23,0.273,0.222,0.692,3.4,1.4,0.8,0,0.1,0.1
354,Anfernee Simons,2026,2026,1,6,170,35,80,16,50,5,5,5,17,18,0,2,13,12,91,0.438,0.32,1,28.3,15.2,2.8,3,0,0.3
355,Dickey Simpkins,1995,2000,6,307,5002,473,1076,2,8,386,615,404,1141,288,86,58,349,574,1334,0.44,0.25,0.628,16.3,4.3,3.7,0.9,0.3,0.2
356,Jerry Sloan,1967,1976,10,696,24798,3996,9357,,,2241,3100,367,5385,1815,381,32,,2524,10233,0.427,,0.723,35.6,14.7,7.7,2.6,2.2,0.2
357,Jalen Smith,2025,2026,2,117,2057,385,812,154,442,141,182,187,712,130,41,86,90,206,1065,0.474,0.348,0.775,17.6,9.1,6.1,1.1,0.4,0.7
358,Joe Smith,2008,2008,1,50,1146,225,483,0,1,109,135,108,265,47,25,31,49,113,559,0.466,0,0.807,22.9,11.2,5.3,0.9,0.5,0.6
359,Sam Smith,1980,1980,1,30,496,97,230,8,35,57,63,22,54,42,25,7,33,54,259,0.422,0.229,0.905,16.5,8.6,1.8,1.4,0.8,0.2
360,Willie Smith,1977,1977,1,2,11,0,1,,,0,0,0,0,0,0,0,,1,0,0,,,5.5,0,0,0,0,0
,,,,,Totals,,,,,,,,,,,,,,,,Shooting,,,Per Game,,,,,
Rk,Player,From,To,Yrs,G,MP,FG,FGA,3P,3PA,FT,FTA,ORB,TRB,AST,STL,BLK,TOV,PF,PTS,FG%,3P%,FT%,MP,PTS,TRB,AST,STL,BLK
361,Mike Smrek,1986,1986,1,38,408,46,122,0,2,16,29,46,110,19,6,23,29,95,108,0.377,0,0.552,10.7,2.8,2.9,0.5,0.2,0.6
362,Tony Snell,2014,2016,3,213,3944,414,1046,186,530,105,129,69,499,193,77,43,144,270,1119,0.396,0.351,0.814,18.5,5.3,2.3,0.9,0.4,0.2
363,Ricky Sobers,1980,1982,3,233,6414,1188,2572,57,210,626,740,158,528,1011,307,52,705,757,3059,0.462,0.271,0.846,27.5,13.1,2.3,4.3,1.3,0.2
364,Darius Songaila,2006,2006,1,62,1329,236,491,2,5,94,115,76,246,88,35,16,85,157,568,0.481,0.4,0.817,21.4,9.2,4,1.4,0.6,0.3
365,Rory Sparrow,1988,1992,2,59,1010,113,282,3,14,24,33,14,71,166,37,3,54,74,253,0.401,0.214,0.727,17.1,4.3,1.2,2.8,0.6,0.1
366,Craig Spitzer,1968,1968,1,10,44,8,21,,,2,3,,24,0,,,,4,18,0.381,,0.667,4.4,1.8,2.4,0,,
367,Larry Spriggs,1983,1983,1,9,39,8,20,0,0,5,7,2,9,3,1,2,2,3,21,0.4,,0.714,4.3,2.3,1,0.3,0.1,0.2
368,John Starks,2000,2000,1,4,82,11,34,3,10,5,5,0,10,11,5,1,3,9,30,0.324,0.3,1,20.5,7.5,2.5,2.8,1.3,0.3
369,Keith Starr,1977,1977,1,17,65,6,24,,,2,2,6,10,6,1,0,,11,14,0.25,,1,3.8,0.8,0.6,0.4,0.1,0
370,Matt Steigenga,1997,1997,1,2,12,1,4,0,2,1,2,0,3,2,1,1,2,1,3,0.25,0,0.5,6,1.5,1.5,1,0.5,0.5
371,Max Strus,2020,2020,1,2,6,2,3,0,1,1,1,1,1,0,0,0,0,1,5,0.667,0,1,3,2.5,0.5,0,0,0
372,Mike Sweetney,2006,2007,2,114,1607,258,578,0,0,170,270,163,470,87,28,67,137,288,686,0.446,,0.63,14.1,6,4.1,0.8,0.2,0.6
373,Dragan Tarlać,2001,2001,1,43,598,39,99,0,0,25,33,37,122,31,7,19,38,95,103,0.394,,0.758,13.9,2.4,2.8,0.7,0.2,0.4
374,Terry Taylor,2023,2024,2,36,224,29,49,3,10,5,9,22,45,10,5,3,7,19,66,0.592,0.3,0.556,6.2,1.8,1.3,0.3,0.1,0.1
375,Marquis Teague,2013,2014,2,67,634,59,179,6,33,20,32,4,63,91,11,11,52,72,144,0.33,0.182,0.625,9.5,2.1,0.9,1.4,0.2,0.2
376,Garrett Temple,2021,2021,1,56,1528,158,381,67,200,40,50,29,160,124,43,30,58,126,423,0.415,0.335,0.8,27.3,7.6,2.9,2.2,0.8,0.5
377,Dalen Terry,2023,2026,4,204,2259,266,599,80,251,97,150,98,338,243,104,49,114,252,709,0.444,0.319,0.647,11.1,3.5,1.7,1.2,0.5,0.2
378,Daniel Theis,2021,2021,1,23,574,93,178,16,57,28,43,39,136,41,16,14,25,47,230,0.522,0.281,0.651,25,10,5.9,1.8,0.7,0.6
379,Reggie Theus,1979,1984,6,441,14897,3047,6386,95,401,2090,2593,586,1502,2472,580,94,1567,1392,8279,0.477,,0.806,33.8,18.8,3.4,5.6,1.3,0.2
380,James Thomas,2006,2006,1,7,26,3,6,0,0,0,0,4,8,0,0,0,0,3,6,0.5,,,3.7,0.9,1.1,0,0,0
,,,,,Totals,,,,,,,,,,,,,,,,Shooting,,,Per Game,,,,,
Rk,Player,From,To,Yrs,G,MP,FG,FGA,3P,3PA,FT,FTA,ORB,TRB,AST,STL,BLK,TOV,PF,PTS,FG%,3P%,FT%,MP,PTS,TRB,AST,STL,BLK
381,Kurt Thomas,2011,2011,1,52,1178,95,186,1,1,20,32,75,301,60,32,42,42,164,211,0.511,1,0.625,22.7,4.1,5.8,1.2,0.6,0.8
382,Malcolm Thomas,2013,2013,1,7,36,5,9,0,0,2,4,5,11,2,2,1,2,7,12,0.556,,0.5,5.1,1.7,1.6,0.3,0.3,0.1
383,Matt Thomas,2022,2022,1,40,459,55,134,35,91,16,20,3,50,20,8,3,8,18,161,0.41,0.385,0.8,11.5,4,1.3,0.5,0.2,0.1
384,Tim Thomas,2006,2009,2,21,286,42,106,20,49,14,20,8,46,14,6,1,11,28,118,0.396,0.408,0.7,13.6,5.6,2.2,0.7,0.3,0
385,Tyrus Thomas,2007,2010,4,254,5149,727,1610,4,18,531,743,381,1302,240,225,347,352,616,1989,0.452,0.222,0.715,20.3,7.8,5.1,0.9,0.9,1.4
386,Tristan Thompson,2022,2022,1,23,376,52,92,0,2,26,48,41,109,14,12,7,12,39,130,0.565,0,0.542,16.3,5.7,4.7,0.6,0.5,0.3
387,Sedale Threatt,1987,1988,2,85,1479,263,536,2,36,85,107,20,106,284,69,12,86,159,613,0.491,0.056,0.794,17.4,7.2,1.2,3.3,0.8,0.1
388,Nate Thurmond,1975,1976,2,93,3016,270,731,,,140,242,273,975,354,50,207,,286,680,0.369,,0.579,32.4,7.3,10.5,3.8,0.5,2.2
389,Al Tucker,1970,1970,1,33,557,97,189,,,37,45,,113,31,,,,52,231,0.513,,0.822,16.9,7,3.4,0.9,,
390,Trent Tucker,1993,1993,1,69,909,143,295,52,131,18,22,16,71,82,24,6,18,65,356,0.485,0.397,0.818,13.2,5.2,1,1.2,0.3,0.1
391,Elston Turner,1987,1988,2,87,1034,120,282,1,8,24,33,42,125,111,38,4,41,102,265,0.426,0.125,0.727,11.9,3,1.4,1.3,0.4,0
392,Tyler Ulis,2019,2019,1,1,1,0,0,0,0,0,0,0,0,0,0,0,0,0,0,,,,1,0,0,0,0,0
393,Denzel Valentine,2017,2021,4,232,4595,655,1662,342,957,74,94,92,815,455,151,31,216,392,1726,0.394,0.357,0.787,19.8,7.4,3.5,2,0.7,0.1
394,Norm Van Lier,1972,1978,7,535,19122,2475,5949,,,1555,2011,532,2506,3676,724,68,200,1849,6505,0.416,,0.773,35.7,12.2,4.7,6.9,1.9,0.2
395,Jarvis Varnado,2014,2014,1,1,2,0,0,0,0,0,0,0,0,0,0,0,0,1,0,,,,2,0,0,0,0,0
396,David Vaughn,1998,1998,1,3,6,1,1,0,0,2,4,0,1,0,0,0,0,1,4,1,,0.5,2,1.3,0.3,0,0,0
397,Sam Vincent,1988,1989,2,99,2656,412,875,5,25,205,236,52,293,579,87,22,226,206,1034,0.471,0.2,0.869,26.8,10.4,3,5.8,0.9,0.2
398,Noah Vonleh,2018,2018,1,21,399,57,138,18,60,13,27,35,144,21,13,6,16,26,145,0.413,0.3,0.481,19,6.9,6.9,1,0.6,0.3
399,Jake Voskuhl,2001,2001,1,16,143,11,25,0,0,8,14,12,34,5,5,6,12,38,30,0.44,,0.571,8.9,1.9,2.1,0.3,0.3,0.4
400,Nikola Vučević,2021,2026,6,378,12380,2842,5699,587,1682,552,677,848,3974,1294,296,291,626,868,6823,0.499,0.349,0.815,32.8,18.1,10.5,3.4,0.8,0.8
,,,,,Totals,,,,,,,,,,,,,,,,Shooting,,,Per Game,,,,,
Rk,Player,From,To,Yrs,G,MP,FG,FGA,3P,3PA,FT,FTA,ORB,TRB,AST,STL,BLK,TOV,PF,PTS,FG%,3P%,FT%,MP,PTS,TRB,AST,STL,BLK
401,Dwyane Wade,2017,2017,1,60,1792,414,955,45,145,223,281,63,270,228,86,41,138,112,1096,0.434,0.31,0.794,29.9,18.3,4.5,3.8,1.4,0.7
402,Granville Waiters,1987,1988,2,66,648,49,122,0,2,5,11,47,115,23,12,46,22,109,103,0.402,0,0.455,9.8,1.6,1.7,0.3,0.2,0.7
403,Andre Wakefield,1979,1979,1,2,8,0,1,,,0,0,0,0,1,0,0,2,2,0,0,,,4,0,0,0.5,0,0
404,Chet Walker,1970,1975,6,474,15809,3558,7374,,,2672,3129,245,2898,1097,117,10,,1109,9788,0.483,,0.854,33.4,20.6,6.1,2.3,0.7,0.1
405,Darrell Walker,1993,1993,1,28,367,31,77,0,0,10,20,18,39,44,23,2,12,51,72,0.403,,0.5,13.1,2.6,1.4,1.6,0.8,0.1
406,Ben Wallace,2007,2008,2,127,4324,293,695,1,9,162,392,478,1262,278,180,236,150,239,749,0.422,0.111,0.413,34,5.9,9.9,2.2,1.4,1.9
407,Gerry Ward,1967,1967,1,76,1042,117,307,,,87,138,,179,130,,,,169,321,0.381,,0.63,13.7,4.2,2.4,1.7,,
408,Hakim Warrick,2010,2010,1,28,533,83,172,0,1,77,102,40,102,17,7,8,23,43,243,0.483,0,0.755,19,8.7,3.6,0.6,0.3,0.3
409,Jim Washington,1967,1969,3,239,6705,1110,2542,,,516,789,,2140,273,,,,640,2736,0.437,,0.654,28.1,11.4,9,1.1,,
410,C.J. Watson,2011,2012,2,131,2250,307,831,112,285,153,197,37,199,386,100,19,170,185,879,0.369,0.393,0.777,17.2,6.7,1.5,2.9,0.8,0.1
411,Nick Weatherspoon,1978,1978,1,41,611,86,194,,,37,42,57,125,32,19,10,49,74,209,0.443,,0.881,14.9,5.1,3,0.8,0.5,0.2
412,Bob Weiss,1969,1974,6,469,12261,1696,3950,,,1053,1261,32,972,2008,104,12,,1091,4445,0.429,,0.835,26.1,9.5,2.1,4.3,1.3,0.2
413,Bill Wennington,1994,1999,6,367,5093,815,1729,2,10,239,290,337,1005,234,113,90,215,871,1871,0.471,0.2,0.824,13.9,5.1,2.7,0.6,0.3,0.2
414,Walt Wesley,1970,1970,1,72,1407,270,648,,,145,219,,455,68,,,,184,685,0.417,,0.662,19.5,9.5,6.3,0.9,,
415,Ennis Whatley,1984,1985,2,150,3544,401,869,1,11,214,286,97,298,1043,185,27,412,364,1017,0.461,0.091,0.748,23.6,6.8,2,7,1.2,0.2
416,Coby White,2020,2026,7,451,13409,2450,5655,1057,2875,988,1153,165,1647,1754,312,74,840,966,6945,0.433,0.368,0.857,29.7,15.4,3.7,3.9,0.7,0.2
417,Tony White,1988,1988,1,2,2,0,0,0,0,0,0,0,0,0,0,0,0,0,0,,,,1,0,0,0,0,0
418,Mitchell Wiggins,1984,1984,1,82,2123,399,890,7,29,213,287,138,328,187,106,11,139,278,1018,0.448,0.241,0.742,25.9,12.4,4,2.3,1.3,0.1
419,Ken Wilburn,1968,1969,2,7,40,8,17,,,2,8,,13,3,,,,5,18,0.471,,0.25,5.7,2.6,1.9,0.4,,
420,Bob Wilkerson,1981,1981,1,80,2238,330,715,1,10,137,163,86,282,272,102,23,175,170,798,0.462,0.1,0.84,28,10,3.5,3.4,1.3,0.3
,,,,,Totals,,,,,,,,,,,,,,,,Shooting,,,Per Game,,,,,
Rk,Player,From,To,Yrs,G,MP,FG,FGA,3P,3PA,FT,FTA,ORB,TRB,AST,STL,BLK,TOV,PF,PTS,FG%,3P%,FT%,MP,PTS,TRB,AST,STL,BLK
421,James Wilkes,1981,1982,2,105,1402,213,450,0,2,87,122,98,255,94,55,30,96,198,513,0.473,0,0.713,13.4,4.9,2.4,0.9,0.5,0.3
422,Corey Williams,1993,1993,1,35,242,31,85,1,3,18,22,19,31,23,4,2,11,24,81,0.365,0.333,0.818,6.9,2.3,0.9,0.7,0.1,0.1
423,Frank Williams,2005,2005,1,9,71,3,20,0,4,0,0,2,6,11,2,3,3,9,6,0.15,0,,7.9,0.7,0.7,1.2,0.2,0.3
424,Jay Williams,2003,2003,1,75,1961,273,685,65,202,103,161,27,195,350,86,17,171,179,714,0.399,0.322,0.64,26.1,9.5,2.6,4.7,1.1,0.2
425,Jerome Williams,2004,2004,1,53,1230,130,279,0,7,85,126,142,347,61,71,5,51,104,345,0.466,0,0.675,23.2,6.5,6.5,1.2,1.3,0.1
426,Patrick Williams,2021,2026,6,348,8952,1165,2660,434,1138,377,495,299,1341,509,282,216,433,569,3141,0.438,0.381,0.762,25.7,9,3.9,1.5,0.8,0.6
427,Scott Williams,1991,1994,4,223,3034,416,868,2,17,218,326,369,977,173,96,136,175,515,1052,0.479,0.118,0.669,13.6,4.7,4.4,0.8,0.4,0.6
428,Dedric Willoughby,2000,2000,1,25,508,61,179,29,98,39,51,11,51,66,23,2,37,32,190,0.341,0.296,0.765,20.3,7.6,2,2.6,0.9,0.1
429,Bobby Wilson,1975,1976,2,106,1281,312,714,,,89,116,50,146,88,47,3,,150,713,0.437,,0.767,12.1,6.7,1.4,0.8,0.4,0
430,George Wilson,1967,1967,1,43,448,77,193,,,45,70,,163,15,,,,73,199,0.399,,0.643,10.4,4.6,3.8,0.3,,
431,David Wood,1989,1989,1,2,2,0,0,0,0,0,0,0,0,0,0,0,0,0,0,,,,1,0,0,0,0,0
432,Orlando Woolridge,1982,1986,5,354,10423,2352,4417,5,36,1437,1953,642,1679,662,239,213,804,953,6146,0.532,0.139,0.736,29.4,17.4,4.7,1.9,0.7,0.6
433,Metta World Peace,2000,2002,3,175,5424,788,1925,139,430,479,688,161,733,507,346,107,394,521,2194,0.409,0.323,0.696,31,12.5,4.2,2.9,2,0.6
434,Sam Worthen,1981,1981,1,64,945,95,192,0,4,45,60,22,115,115,57,6,91,115,235,0.495,0,0.75,14.8,3.7,1.8,1.8,0.9,0.1
435,Guerschon Yabusele,2026,2026,1,26,641,83,205,49,128,46,60,32,147,45,20,11,26,45,261,0.405,0.383,0.767,24.7,10,5.7,1.7,0.8,0.4
436,Jahmir Young,2025,2025,1,6,30,4,5,1,2,2,2,1,3,6,0,0,1,2,11,0.8,0.5,1,5,1.8,0.5,1,0,0
437,Perry Young,1987,1987,1,5,20,2,4,0,0,1,2,0,1,0,1,0,1,3,5,0.5,,0.5,4,1,0.2,0,0.2,0
438,Thaddeus Young,2020,2021,2,132,3243,639,1263,91,267,113,185,262,738,408,166,63,239,286,1482,0.506,0.341,0.611,24.6,11.2,5.6,3.1,1.3,0.5
439,Paul Zipser,2017,2018,2,98,1667,169,455,70,209,50,65,28,256,82,35,31,83,164,458,0.371,0.335,0.769,17,4.7,2.6,0.8,0.4,0.3
More Chicago Bulls Pages,,,,,,,,,,,,,,,,,,,,,,,,,,,,,
