--- When using SR data, please cite us and provide a link and/or a mention.


 
Rk,Gcar,Gtm,Date,Team,,Opp,Result,GS,MP,TS%,eFG%,ORB%,DRB%,TRB%,AST%,STL%,BLK%,TOV%,USG%,ORtg,DRtg,GmSc,BPM
1,1,1,2006-04-22,CLE,,WAS,W 97-86,*,48:00,.503,.463,6.4,19.5,12.5,42.3,0.0,0.0,11.2,33.6,115,105,23.3,8.1
2,2,2,2006-04-25,CLE,,WAS,L 84-89,*,43:28,.411,.300,5.3,17.2,11.4,9.9,2.4,5.7,24.0,41.1,72,95,6.7,-2.9
3,3,3,2006-04-28,CLE,@,WAS,W 97-96,*,47:37,.641,.625,2.2,11.9,6.4,16.0,2.1,0.0,11.1,33.3,119,104,27.4,11.7
4,4,4,2006-04-30,CLE,@,WAS,L 96-106,*,45:20,.729,.717,3.1,12.0,8.1,26.2,0.0,0.0,21.2,34.7,121,122,23.0,7.8
5,5,5,2006-05-03,CLE,,WAS,W 121-120 (OT),*,46:07,.728,.609,15.1,5.5,10.1,24.7,2.4,0.0,11.5,35.9,148,126,38.4,15.5
6,6,6,2006-05-05,CLE,@,WAS,W 114-113 (OT),*,53:00,.608,.620,0.0,13.5,7.9,25.0,2.0,1.4,16.0,28.4,109,113,22.8,3.0
,,,,,,,,,,,,,,,,,,,,,,,
7,7,7,2006-05-07,CLE,@,DET,L 86-113,*,36:00,.583,.556,3.0,12.1,6.9,24.2,0.0,0.0,17.5,30.5,109,141,12.2,1.6
8,8,8,2006-05-09,CLE,@,DET,L 91-97,*,47:32,.566,.522,4.4,28.2,15.9,29.6,0.0,0.0,10.2,29.6,117,111,22.8,8.8
9,9,9,2006-05-13,CLE,,DET,W 86-77,*,48:00,.556,.528,0.0,24.4,13.5,40.0,5.1,1.9,17.5,26.0,108,86,21.9,11.6
10,10,10,2006-05-15,CLE,,DET,W 74-72,*,48:00,.401,.370,3.1,17.5,11.1,42.9,2.4,3.3,22.6,37.9,78,84,10.4,3.8
11,11,11,2006-05-17,CLE,@,DET,W 86-84,*,46:50,.484,.450,6.1,5.0,5.6,29.0,2.4,1.6,5.7,34.4,112,103,21.1,10.4
12,12,12,2006-05-19,CLE,,DET,L 82-84,*,47:50,.573,.425,0.0,26.9,14.3,22.8,1.3,1.9,20.0,38.7,104,103,20.7,5.7
13,13,13,2006-05-21,CLE,@,DET,L 61-79,*,46:45,.491,.458,7.0,12.8,9.8,23.6,1.3,0.0,9.8,35.3,95,104,15.6,10.5
14,14,1,2007-04-22,CLE,,WAS,W 97-82,*,44:19,.610,.500,5.6,16.1,11.3,31.0,2.5,0.0,5.0,21.5,136,93,24.2,11.1
15,15,2,2007-04-25,CLE,,WAS,W 109-102,*,45:00,.487,.364,10.4,8.1,9.1,23.7,1.2,3.1,6.7,28.2,121,110,22.5,6.1
16,16,3,2007-04-28,CLE,@,WAS,W 98-92,*,46:02,.598,.568,0.0,13.9,7.7,35.4,1.3,0.0,7.4,28.8,133,111,24.1,8.4
17,17,4,2007-04-30,CLE,@,WAS,W 97-90,*,46:11,.526,.386,8.0,19.8,14.1,30.7,3.5,1.7,6.4,33.2,119,96,27.5,9.0
,,,,,,,,,,,,,,,,,,,,,,,
18,18,5,2007-05-06,CLE,,NJN,W 81-77,*,46:01,.444,.405,4.3,23.5,13.0,27.4,1.2,1.8,11.3,25.8,103,91,15.6,4.8
19,19,6,2007-05-08,CLE,,NJN,W 102-92,*,45:49,.606,.563,0.0,3.2,1.3,49.4,3.6,0.0,6.3,30.9,138,105,31.3,18.1
20,20,7,2007-05-12,CLE,@,NJN,L 85-96,*,44:08,.472,.344,0.0,18.1,8.9,55.4,0.0,0.0,9.5,24.5,107,114,16.2,3.6
21,21,8,2007-05-14,CLE,@,NJN,W 87-85,*,46:20,.664,.625,0.0,19.8,11.1,41.0,0.0,0.0,11.7,28.4,123,98,24.6,9.6
22,22,9,2007-05-16,CLE,,NJN,L 72-83,*,42:47,.531,.357,7.2,18.2,12.0,30.5,2.6,2.3,21.0,26.0,101,93,15.3,7.0
23,23,10,2007-05-18,CLE,@,NJN,W 88-72,*,38:53,.480,.425,2.9,22.2,12.0,42.7,1.4,0.0,7.7,33.4,107,84,16.8,7.1
,,,,,,,,,,,,,,,,,,,,,,,
24,24,11,2007-05-21,CLE,@,DET,L 76-79,*,45:22,.333,.333,2.2,22.7,11.8,35.7,5.2,1.8,11.8,17.9,87,89,13.5,6.8
25,25,12,2007-05-24,CLE,@,DET,L 76-79,*,44:41,.430,.368,0.0,16.5,8.5,33.4,3.9,0.0,21.4,31.2,83,92,11.0,0.7
26,26,13,2007-05-27,CLE,,DET,W 88-82,*,46:07,.641,.619,3.3,23.1,13.8,45.7,2.6,0.0,10.7,33.4,126,99,28.5,14.3
27,27,14,2007-05-29,CLE,,DET,W 91-87,*,44:17,.544,.447,0.0,18.5,10.3,55.9,3.7,0.0,11.6,29.8,110,95,24.3,13.7
28,28,15,2007-05-31,CLE,@,DET,W 109-107 (2OT),*,50:18,.613,.576,7.7,17.7,12.4,49.7,2.4,0.0,4.9,42.7,132,111,38.1,20.4
29,29,16,2007-06-02,CLE,,DET,W 98-82,*,46:12,.517,.273,5.2,27.1,16.9,33.4,2.4,3.2,13.4,21.3,121,86,22.1,11.4
,,,,,,,,,,,,,,,,,,,,,,,
30,30,17,2007-06-07,CLE,@,SAS,L 76-85,*,44:00,.394,.313,2.8,18.2,10.2,17.0,1.4,1.8,25.3,29.6,72,107,5.0,-4.0
31,31,18,2007-06-10,CLE,@,SAS,L 92-103,*,38:00,.484,.429,8.1,12.3,10.0,35.0,1.4,0.0,18.8,38.4,93,119,13.6,1.4
32,32,19,2007-06-12,CLE,,SAS,L 72-75,*,41:59,.471,.391,0.0,22.9,10.3,42.8,2.8,2.3,15.9,36.9,92,88,15.9,9.7
33,33,20,2007-06-14,CLE,,SAS,L 82-83,*,46:29,.368,.367,0.0,15.1,7.1,47.6,0.0,0.0,15.5,39.5,76,101,7.8,-0.3
34,34,1,2008-04-19,CLE,,WAS,W 93-86,*,41:25,.636,.632,0.0,15.1,8.2,28.8,1.3,4.0,3.8,30.2,123,94,26.7,13.0
35,35,2,2008-04-21,CLE,,WAS,W 116-86,*,39:00,.566,.526,3.3,21.4,13.3,47.8,1.4,4.4,3.6,32.1,138,93,29.6,16.7
36,36,3,2008-04-24,CLE,@,WAS,L 72-108,*,35:57,.530,.526,0.0,30.1,12.1,25.6,1.5,2.5,16.2,31.2,94,116,12.6,4.6
37,37,4,2008-04-27,CLE,@,WAS,W 100-97,*,44:23,.546,.500,5.0,27.7,15.8,37.7,2.4,0.0,13.8,35.4,115,108,23.2,6.8
38,38,5,2008-04-30,CLE,,WAS,L 87-88,*,44:05,.588,.452,5.4,22.3,13.8,41.7,1.3,3.8,14.7,36.2,117,101,27.4,16.2
39,39,6,2008-05-02,CLE,@,WAS,W 105-88,*,44:12,.631,.500,5.4,25.4,16.2,45.1,2.7,1.9,4.5,25.7,153,99,33.0,17.6
,,,,,,,,,,,,,,,,,,,,,,,
40,40,7,2008-05-06,CLE,@,BOS,L 72-76,*,38:49,.268,.111,5.2,24.0,13.2,54.2,1.4,2.3,30.9,38.7,54,88,-0.7,-9.3
41,41,8,2008-05-08,CLE,@,BOS,L 73-89,*,41:38,.353,.250,5.4,8.4,6.9,36.3,2.7,2.0,19.1,42.4,69,102,6.8,-0.5
42,42,9,2008-05-10,CLE,,BOS,W 108-84,*,40:15,.493,.406,0.0,15.7,8.5,30.7,6.0,6.2,8.6,29.7,117,93,20.2,10.9
43,43,10,2008-05-12,CLE,,BOS,W 88-77,*,44:00,.446,.400,2.7,13.6,8.2,51.8,4.0,3.9,14.5,32.7,97,86,19.1,12.1
44,44,11,2008-05-14,CLE,@,BOS,L 89-96,*,44:43,.570,.480,0.0,9.2,4.7,33.3,1.3,1.7,11.5,39.2,111,116,22.4,6.9
45,45,12,2008-05-16,CLE,,BOS,W 74-69,*,46:39,.541,.413,6.7,25.7,15.1,41.9,2.6,2.0,21.3,39.5,101,82,21.6,13.8
46,46,13,2008-05-18,CLE,@,BOS,L 92-97,*,46:48,.602,.534,2.7,13.7,7.5,39.3,2.5,0.0,5.1,41.9,128,117,32.8,18.4
47,47,1,2009-04-18,CLE,,DET,W 102-84,*,40:52,.726,.675,0.0,25.4,14.5,37.8,1.5,0.0,0.0,35.8,155,106,35.9,19.2
48,48,2,2009-04-21,CLE,,DET,W 94-82,*,37:55,.675,.571,3.3,39.0,21.4,39.7,0.0,0.0,8.5,30.0,140,93,26.5,15.7
49,49,3,2009-04-24,CLE,@,DET,W 79-68,*,42:44,.524,.474,5.2,26.6,15.3,56.5,4.0,3.8,7.7,30.5,112,73,26.5,19.9
50,50,4,2009-04-26,CLE,@,DET,W 99-78,*,40:39,.572,.417,3.6,37.3,21.6,40.7,2.8,1.7,6.0,42.3,130,87,32.2,16.3
,,,,,,,,,,,,,,,,,,,,,,,
51,51,5,2009-05-05,CLE,,ATL,W 99-72,*,34:19,.710,.650,10.0,30.6,18.9,20.8,7.0,0.0,11.1,39.1,139,80,31.7,28.0
52,52,6,2009-05-07,CLE,,ATL,W 105-85,*,31:10,.700,.750,0.0,9.1,6.0,31.9,7.2,2.4,0.0,29.3,156,90,27.1,26.3
53,53,7,2009-05-09,CLE,@,ATL,W 97-82,*,43:14,.733,.700,7.9,27.1,19.3,48.4,1.4,1.9,3.0,39.5,169,100,43.8,33.7
54,54,8,2009-05-11,CLE,@,ATL,W 84-74,*,43:25,.520,.477,0.0,21.1,10.9,44.1,1.4,0.0,10.4,33.2,116,92,18.8,10.4
,,,,,,,,,,,,,,,,,,,,,,,
55,55,9,2009-05-20,CLE,,ORL,L 106-107,*,41:14,.712,.717,9.7,10.6,10.1,47.2,2.6,6.0,5.5,42.2,143,117,44.7,29.6
56,56,10,2009-05-22,CLE,,ORL,W 96-95,*,42:32,.619,.543,7.3,6.1,6.6,26.3,1.3,0.0,17.5,38.5,113,113,22.2,7.8
57,57,11,2009-05-24,CLE,@,ORL,L 89-99,*,41:57,.532,.411,0.0,20.5,9.8,62.7,2.5,2.5,4.9,42.8,117,105,31.3,21.8
58,58,12,2009-05-26,CLE,@,ORL,L 114-116 (OT),*,49:24,.596,.517,2.6,31.9,16.5,30.0,1.0,2.6,17.8,42.0,106,113,27.9,8.1
59,59,13,2009-05-28,CLE,,ORL,W 112-102,*,45:30,.572,.458,8.3,29.8,19.2,48.0,1.1,2.2,11.0,37.3,124,108,33.3,11.6
60,60,14,2009-05-30,CLE,@,ORL,L 90-103,*,44:53,.503,.450,2.4,17.3,9.2,28.3,0.0,2.1,10.8,30.2,104,120,16.1,4.0
61,61,1,2010-04-17,CLE,,CHI,W 96-83,*,40:14,.543,.474,0.0,16.3,8.1,21.1,1.2,6.0,12.0,27.3,108,84,19.2,7.4
62,62,2,2010-04-19,CLE,,CHI,W 112-102,*,41:05,.780,.739,4.0,18.6,12.8,43.9,1.3,2.9,7.2,34.9,153,114,38.3,18.4
63,63,3,2010-04-22,CLE,@,CHI,L 106-108,*,44:16,.615,.615,4.4,24.1,12.8,41.7,2.3,4.5,13.6,36.7,118,110,31.3,14.8
64,64,4,2010-04-25,CLE,@,CHI,W 121-98,*,36:24,.864,.824,0.0,29.9,17.6,52.8,2.7,1.7,8.5,29.4,167,90,39.9,29.0
65,65,5,2010-04-27,CLE,,CHI,W 96-94,*,43:13,.523,.458,9.0,19.9,14.6,35.1,0.0,3.4,14.2,23.9,115,109,18.7,6.0
,,,,,,,,,,,,,,,,,,,,,,,
66,66,6,2010-05-01,CLE,,BOS,W 101-93,*,43:12,.607,.563,5.6,13.2,9.5,31.5,3.7,3.4,6.5,33.7,129,98,31.6,19.5
67,67,7,2010-05-03,CLE,,BOS,L 86-104,*,41:09,.556,.467,0.0,24.7,10.9,23.5,3.7,4.0,18.8,30.5,95,103,18.2,6.5
68,68,8,2010-05-07,CLE,@,BOS,W 124-95,*,39:16,.732,.682,9.1,15.3,13.0,31.8,1.4,3.8,3.7,32.6,162,107,36.9,21.5
69,69,9,2010-05-09,CLE,@,BOS,L 87-97,*,43:14,.482,.389,2.7,22.8,12.5,46.2,2.3,1.8,23.5,32.8,83,99,13.8,2.1
70,70,10,2010-05-11,CLE,,BOS,L 88-120,*,41:40,.389,.214,3.0,17.5,9.6,32.9,1.3,0.0,13.5,25.7,86,132,9.1,-5.3
71,71,11,2010-05-13,CLE,@,BOS,L 85-94,*,46:12,.514,.429,7.1,40.5,23.2,52.8,3.2,1.7,25.5,33.3,92,92,22.1,9.5
72,72,1,2011-04-16,MIA,,PHI,W 97-89,*,42:43,.521,.286,10.7,22.9,17.3,21.2,1.3,5.1,9.0,23.9,124,96,21.6,10.4
73,73,2,2011-04-18,MIA,,PHI,W 94-73,*,38:55,.620,.553,3.4,14.8,10.0,34.2,0.0,0.0,0.0,30.5,139,91,25.2,14.1
74,74,3,2011-04-21,MIA,@,PHI,W 100-94,*,44:16,.619,.567,2.5,37.0,19.4,23.8,1.3,0.0,4.9,21.2,144,108,24.2,9.7
75,75,4,2011-04-24,MIA,@,PHI,L 82-86,*,43:33,.624,.550,4.5,13.4,8.6,37.0,1.3,1.8,3.9,29.9,132,103,27.6,13.9
76,76,5,2011-04-27,MIA,,PHI,W 97-91,*,41:40,.526,.462,7.4,19.7,13.1,35.1,1.4,0.0,16.5,20.8,117,107,15.5,3.8
,,,,,,,,,,,,,,,,,,,,,,,
77,77,6,2011-05-01,MIA,,BOS,W 99-90,*,39:54,.479,.447,3.3,14.7,9.3,26.9,2.7,4.7,11.6,31.8,96,98,15.6,3.2
78,78,7,2011-05-03,MIA,,BOS,W 102-91,*,44:03,.614,.600,5.4,13.0,9.3,11.6,1.3,1.6,0.0,30.8,136,107,26.7,10.9
79,79,8,2011-05-07,MIA,@,BOS,L 81-97,*,42:48,.393,.375,5.5,16.5,10.5,18.5,2.8,10.0,17.3,27.1,79,113,10.6,0.2
80,80,9,2011-05-09,MIA,@,BOS,W 98-90 (OT),*,50:17,.548,.464,9.0,30.5,20.2,14.1,3.4,0.0,13.5,36.0,110,93,24.5,10.0
81,81,10,2011-05-11,MIA,,BOS,W 97-87,*,45:43,.689,.675,6.2,15.4,10.8,20.5,1.2,2.0,17.3,32.1,121,101,24.2,11.7
,,,,,,,,,,,,,,,,,,,,,,,
82,82,11,2011-05-15,MIA,@,CHI,L 82-103,*,41:12,.447,.367,3.6,12.7,9.0,26.7,2.8,5.3,19.3,26.7,89,120,12.2,3.3
83,83,12,2011-05-18,MIA,@,CHI,W 85-75,*,45:39,.602,.619,9.3,14.2,12.2,27.1,3.8,0.0,17.2,32.7,108,87,22.0,11.0
84,84,13,2011-05-22,MIA,,CHI,W 96-85,*,43:55,.649,.500,3.3,13.7,9.0,39.8,2.7,3.4,0.0,20.7,149,101,26.3,15.9
85,85,14,2011-05-24,MIA,,CHI,W 101-93 (OT),*,49:23,.552,.423,5.4,10.0,7.8,31.9,2.2,3.4,13.6,36.9,109,96,24.8,6.7
86,86,15,2011-05-26,MIA,@,CHI,W 83-80,*,45:46,.587,.500,0.0,24.5,13.3,35.7,3.6,3.6,14.4,30.6,109,84,24.2,14.5
,,,,,,,,,,,,,,,,,,,,,,,
87,87,16,2011-05-31,MIA,,DAL,W 92-84,*,45:15,.711,.688,0.0,26.5,11.6,24.7,1.3,0.0,5.6,18.7,147,101,21.0,10.6
88,88,17,2011-06-02,MIA,,DAL,L 93-95,*,39:37,.597,.600,3.4,24.2,13.7,19.9,5.5,2.1,23.0,27.6,99,101,15.6,4.0
89,89,18,2011-06-05,MIA,@,DAL,W 88-86,*,45:15,.539,.464,0.0,8.2,4.1,34.5,2.6,0.0,20.2,22.2,104,108,13.6,2.8
90,90,19,2011-06-07,MIA,@,DAL,L 83-86,*,45:43,.313,.273,7.2,15.4,11.1,25.5,2.6,0.0,23.9,17.9,75,104,5.9,-4.5
91,91,20,2011-06-09,MIA,@,DAL,L 103-112,*,45:38,.428,.421,3.4,30.5,17.0,36.8,0.0,2.1,16.8,25.8,98,131,12.4,-5.1
92,92,21,2011-06-12,MIA,,DAL,L 95-105,*,40:21,.626,.667,3.1,8.9,6.0,30.6,1.3,2.1,26.4,26.4,97,115,13.6,1.9
93,93,1,2012-04-28,MIA,,NYK,W 100-67,*,31:41,.794,.750,3.9,11.4,7.7,24.1,7.4,0.0,9.0,34.1,154,73,29.9,28.3
94,94,2,2012-04-30,MIA,,NYK,W 104-94,*,40:35,.451,.444,3.4,18.7,11.3,37.3,2.8,0.0,8.7,29.4,103,108,16.4,1.8
95,95,3,2012-05-03,MIA,@,NYK,W 87-70,*,35:50,.599,.476,7.7,17.1,13.1,39.5,3.2,0.0,23.0,49.1,104,81,19.2,8.0
96,96,4,2012-05-06,MIA,@,NYK,L 87-89,*,41:27,.551,.476,0.0,11.3,5.6,23.7,1.3,0.0,16.9,33.4,95,101,13.9,2.6
97,97,5,2012-05-09,MIA,,NYK,W 106-94,*,39:38,.642,.500,3.2,21.2,12.4,33.2,2.8,1.9,15.0,31.3,128,104,25.4,13.3
,,,,,,,,,,,,,,,,,,,,,,,
98,98,6,2012-05-13,MIA,,IND,W 95-86,*,43:15,.526,.462,14.8,26.3,20.1,28.2,2.4,1.8,3.2,31.8,123,90,29.5,17.4
99,99,7,2012-05-15,MIA,,IND,L 75-78,*,42:49,.505,.455,9.2,13.7,11.2,35.5,7.9,0.0,6.7,32.4,110,82,26.4,22.5
100,100,8,2012-05-17,MIA,@,IND,L 75-94,*,40:06,.472,.477,2.5,17.5,9.5,21.1,2.8,0.0,14.6,32.7,88,107,12.0,5.6
101,101,9,2012-05-20,MIA,@,IND,W 101-93,*,43:54,.588,.519,14.9,32.0,23.2,43.4,2.4,3.8,12.8,39.8,122,95,37.2,17.9
102,102,10,2012-05-22,MIA,,IND,W 115-83,*,38:09,.723,.684,13.0,16.0,15.0,36.1,1.4,1.9,16.2,32.5,138,92,28.6,13.7
103,103,11,2012-05-24,MIA,@,IND,W 105-93,*,44:46,.556,.522,3.4,17.3,10.2,26.7,3.7,0.0,3.8,29.9,122,104,25.0,9.2
,,,,,,,,,,,,,,,,,,,,,,,
104,104,12,2012-05-28,MIA,,BOS,W 93-79,*,43:53,.616,.591,3.0,29.2,17.6,15.1,1.3,4.9,10.4,33.7,122,89,26.3,12.2
105,105,13,2012-05-30,MIA,,BOS,W 115-111 (OT),*,47:39,.556,.400,9.5,18.0,13.2,26.7,1.2,1.7,3.2,31.4,131,120,29.8,10.9
106,106,14,2012-06-01,MIA,@,BOS,L 91-101,*,43:18,.603,.635,0.0,23.3,11.7,27.4,2.5,3.8,9.6,36.1,110,109,25.3,12.5
107,107,15,2012-06-03,MIA,@,BOS,L 91-93 (OT),*,48:06,.508,.500,3.1,12.5,8.4,15.9,1.2,1.9,19.7,36.4,84,99,11.3,-0.7
108,108,16,2012-06-05,MIA,,BOS,L 90-94,*,45:20,.526,.480,7.6,23.0,15.6,10.4,2.3,1.6,9.5,30.9,108,97,21.9,10.4
109,109,17,2012-06-07,MIA,@,BOS,W 98-79,*,44:49,.751,.769,5.8,34.0,20.6,32.2,0.0,0.0,11.8,37.2,138,92,36.4,18.6
110,110,18,2012-06-09,MIA,,BOS,W 101-88,*,47:32,.544,.452,5.8,28.1,17.1,7.5,1.2,1.8,9.5,33.5,111,102,22.4,3.2
,,,,,,,,,,,,,,,,,,,,,,,
111,111,19,2012-06-12,MIA,@,OKC,L 94-105,*,45:50,.536,.479,2.6,22.0,12.1,17.1,4.8,0.0,12.5,34.9,101,112,22.3,6.7
112,112,20,2012-06-14,MIA,@,OKC,W 100-96,*,42:19,.587,.455,6.1,17.5,11.9,23.0,1.3,0.0,6.8,33.2,130,111,24.7,9.4
113,113,21,2012-06-17,MIA,,OKC,W 91-85,*,43:50,.547,.500,13.4,23.5,18.5,20.6,0.0,0.0,13.1,33.0,111,102,20.4,7.6
114,114,22,2012-06-19,MIA,,OKC,W 104-98,*,44:21,.553,.525,9.0,16.7,13.0,47.8,2.4,0.0,11.3,29.0,124,110,25.3,11.3
115,115,23,2012-06-21,MIA,,OKC,W 121-106,*,44:09,.566,.474,12.1,17.7,15.1,46.8,1.1,3.7,20.7,30.1,120,110,25.5,5.7
116,116,1,2013-04-21,MIA,,MIL,W 110-87,*,34:31,.852,.864,8.7,24.7,18.1,43.7,0.0,0.0,24.0,28.5,140,99,25.3,13.3
117,117,2,2013-04-23,MIA,,MIL,W 98-86,*,38:39,.542,.429,3.0,24.8,13.1,27.0,1.4,0.0,18.6,25.8,106,98,14.4,2.2
118,118,3,2013-04-25,MIA,@,MIL,W 104-91,*,32:48,.698,.714,0.0,18.3,9.0,31.6,0.0,0.0,24.1,27.9,107,101,14.9,4.2
119,119,4,2013-04-28,MIA,@,MIL,W 88-77,*,41:06,.650,.650,7.1,15.2,11.8,43.4,4.1,2.0,17.8,34.8,114,86,25.6,13.1
,,,,,,,,,,,,,,,,,,,,,,,
120,120,5,2013-05-06,MIA,,CHI,L 86-93,*,43:44,.573,.500,5.0,19.4,11.3,34.6,2.5,2.1,8.7,26.0,117,105,22.5,10.8
121,121,6,2013-05-08,MIA,,CHI,W 115-78,*,32:29,.612,.625,0.0,16.4,10.7,42.0,5.0,0.0,16.2,27.4,124,83,19.2,11.6
122,122,7,2013-05-10,MIA,@,CHI,W 104-94,*,44:25,.572,.412,0.0,21.1,11.4,26.5,2.5,0.0,4.4,25.9,131,106,23.8,9.8
123,123,8,2013-05-13,MIA,@,CHI,W 88-65,*,43:12,.563,.475,0.0,16.2,9.5,38.6,2.7,0.0,17.3,34.5,105,77,20.9,9.0
124,124,9,2013-05-15,MIA,,CHI,W 94-91,*,44:26,.558,.393,0.0,18.4,10.5,32.5,2.6,0.0,8.8,25.8,120,107,20.5,7.2
,,,,,,,,,,,,,,,,,,,,,,,
125,125,10,2013-05-22,MIA,,IND,W 103-102 (OT),*,46:33,.554,.542,8.1,20.4,14.1,41.6,0.0,5.0,12.9,30.2,118,106,24.1,12.0
126,126,11,2013-05-24,MIA,,IND,L 93-97,*,45:17,.780,.775,11.2,12.8,11.9,16.6,3.8,2.0,17.8,30.2,133,111,30.4,19.6
127,127,12,2013-05-26,MIA,@,IND,W 114-96,*,41:13,.560,.471,0.0,9.7,5.8,10.7,0.0,0.0,0.0,24.2,123,119,16.6,0.9
128,128,13,2013-05-28,MIA,@,IND,L 92-99,*,43:19,.581,.556,9.6,6.7,8.4,26.2,1.4,5.9,8.8,26.4,123,126,19.4,11.3
129,129,14,2013-05-30,MIA,,IND,W 90-79,*,44:29,.540,.558,0.0,27.0,13.3,27.0,2.6,1.9,9.8,36.8,104,91,21.7,10.3
130,130,15,2013-06-01,MIA,@,IND,L 77-91,*,42:17,.591,.524,0.0,20.4,9.2,46.5,2.7,1.8,14.0,34.7,112,105,22.1,13.1
131,131,16,2013-06-03,MIA,,IND,W 99-76,*,40:49,.666,.500,5.3,19.6,11.8,22.8,2.7,2.4,7.7,29.5,142,86,29.2,18.5
,,,,,,,,,,,,,,,,,,,,,,,
132,132,17,2013-06-06,MIA,,SAS,L 88-92,*,41:35,.507,.469,5.8,43.0,25.0,44.5,0.0,0.0,10.1,24.4,115,106,20.4,9.9
133,133,18,2013-06-09,MIA,,SAS,W 103-84,*,40:33,.475,.441,3.1,19.7,11.8,25.3,4.3,6.1,10.1,24.7,107,91,17.9,9.6
134,134,19,2013-06-11,MIA,@,SAS,L 77-113,*,39:07,.357,.357,2.9,26.7,15.3,27.4,2.8,0.0,8.7,29.3,79,122,10.3,-2.2
135,135,20,2013-06-13,MIA,@,SAS,W 109-93,*,41:23,.617,.620,9.2,23.8,16.6,16.8,2.5,4.3,3.6,31.7,126,97,29.6,13.2
136,136,21,2013-06-16,MIA,@,SAS,L 104-114,*,43:41,.482,.409,7.7,12.2,9.4,31.2,4.7,0.0,10.4,29.2,109,117,21.2,8.0
137,137,22,2013-06-18,MIA,,SAS,W 103-100 (OT),*,49:46,.512,.442,9.5,15.2,12.2,44.6,3.4,1.6,16.1,37.7,108,105,25.8,9.2
138,138,23,2013-06-20,MIA,,SAS,W 95-88,*,45:00,.698,.630,7.6,21.8,14.9,18.4,2.4,0.0,7.0,29.0,144,95,32.5,20.6
139,139,1,2014-04-20,MIA,,CHA,W 99-88,*,38:32,.662,.625,0.0,28.0,13.7,5.0,0.0,0.0,12.8,30.9,115,102,17.8,5.3
140,140,2,2014-04-23,MIA,,CHA,W 101-97,*,39:50,.718,.676,0.0,15.1,9.3,44.3,5.3,0.0,15.2,32.7,131,100,29.9,14.8
141,141,3,2014-04-26,MIA,@,CHA,W 98-85,*,35:59,.670,.583,0.0,36.1,17.3,35.3,3.0,0.0,8.2,33.3,129,94,27.8,16.0
142,142,4,2014-04-28,MIA,@,CHA,W 109-98,*,42:54,.638,.553,0.0,23.0,11.4,36.2,3.7,2.5,7.6,29.8,130,101,29.8,13.1
,,,,,,,,,,,,,,,,,,,,,,,
143,143,5,2014-05-06,MIA,,BRK,W 107-86,*,36:21,.693,.667,4.4,13.5,9.6,13.8,0.0,0.0,5.9,24.5,136,107,17.7,3.9
144,144,6,2014-05-08,MIA,,BRK,W 94-82,*,39:07,.533,.500,0.0,11.4,6.2,15.4,3.0,2.3,8.8,32.0,104,101,15.4,0.5
145,145,7,2014-05-10,MIA,@,BRK,L 90-104,*,39:39,.722,.633,0.0,31.2,13.8,28.4,1.5,2.6,9.3,29.1,138,123,25.1,13.1
146,146,8,2014-05-12,MIA,@,BRK,W 102-96,*,43:28,.757,.729,0.0,16.2,9.0,11.4,4.0,0.0,3.0,41.0,153,112,39.8,19.2
147,147,9,2014-05-14,MIA,,BRK,W 96-94,*,43:36,.675,.500,7.1,20.3,14.4,24.6,0.0,2.0,18.9,32.2,123,116,23.1,6.4
,,,,,,,,,,,,,,,,,,,,,,,
148,148,10,2014-05-18,MIA,@,IND,L 96-107,*,40:50,.662,.639,3.4,33.1,17.5,21.7,4.0,0.0,17.5,28.1,112,114,21.5,7.4
149,149,11,2014-05-20,MIA,@,IND,W 87-83,*,42:21,.533,.528,0.0,16.5,10.0,28.6,2.9,5.6,12.7,31.2,104,99,18.0,7.3
150,150,12,2014-05-24,MIA,,IND,W 99-87,*,39:46,.724,.679,4.2,16.6,10.4,32.3,4.3,0.0,25.0,31.5,121,100,22.0,10.0
151,151,13,2014-05-26,MIA,,IND,W 102-90,*,35:48,.703,.667,0.0,36.2,18.9,46.0,3.3,0.0,8.1,37.3,134,102,27.8,17.4
152,152,14,2014-05-28,MIA,@,IND,L 90-93,*,24:21,.309,.250,4.9,4.6,4.8,26.2,0.0,3.5,20.9,29.6,74,116,-0.1,-12.4
153,153,15,2014-05-30,MIA,,IND,W 117-92,*,31:39,.783,.667,4.7,13.8,9.3,28.6,1.8,3.4,11.1,28.9,155,108,24.9,15.3
,,,,,,,,,,,,,,,,,,,,,,,
154,154,16,2014-06-05,MIA,@,SAS,L 95-110,*,32:53,.636,.588,10.7,16.2,12.9,18.4,4.8,0.0,16.9,34.9,115,116,20.0,8.7
155,155,17,2014-06-08,MIA,@,SAS,W 98-96,*,37:36,.723,.705,8.2,23.2,17.0,20.0,2.9,0.0,14.2,39.0,127,104,27.5,14.6
156,156,18,2014-06-10,MIA,,SAS,L 92-111,*,39:49,.718,.714,4.2,18.5,11.0,39.9,7.1,0.0,31.4,29.1,108,120,18.2,9.1
157,157,19,2014-06-12,MIA,,SAS,L 86-107,*,37:39,.713,.706,0.0,30.9,14.4,13.2,0.0,0.0,13.3,31.1,123,127,20.1,11.2
158,158,20,2014-06-15,MIA,@,SAS,L 87-104,*,41:16,.621,.548,3.0,24.9,14.4,31.7,0.0,4.5,3.9,31.2,127,115,26.8,16.5
159,159,1,2015-04-19,CLE,,BOS,W 113-100,*,41:55,.506,.472,0.0,18.1,8.6,28.8,2.5,2.0,20.2,26.1,100,106,13.8,0.3
160,160,2,2015-04-21,CLE,,BOS,W 99-91,*,41:48,.588,.523,3.0,19.1,12.0,37.6,0.0,3.6,19.0,34.3,109,103,20.8,5.4
161,161,3,2015-04-23,CLE,@,BOS,W 103-95,*,41:58,.550,.519,2.4,26.6,14.0,19.8,4.9,3.6,6.6,32.7,113,91,27.1,12.6
162,162,4,2015-04-26,CLE,@,BOS,W 101-93,*,46:22,.475,.438,0.0,20.3,10.9,40.1,3.2,1.7,17.4,33.9,91,92,18.1,3.1
,,,,,,,,,,,,,,,,,,,,,,,
163,163,5,2015-05-04,CLE,,CHI,L 92-99,*,41:56,.415,.409,10.9,32.3,21.2,43.5,4.1,1.8,20.8,33.6,88,106,15.3,1.9
164,164,6,2015-05-06,CLE,,CHI,W 106-91,*,34:13,.501,.448,10.5,16.7,13.7,37.4,3.2,2.5,5.7,47.3,117,101,24.1,11.0
165,165,7,2015-05-08,CLE,@,CHI,L 96-99,*,43:39,.452,.340,4.9,13.7,9.5,66.4,1.2,1.6,19.0,40.0,97,114,18.4,1.5
166,166,8,2015-05-10,CLE,@,CHI,W 86-84,*,43:09,.394,.350,6.4,27.2,18.5,49.8,1.2,3.3,20.1,44.0,75,88,11.4,-0.1
167,167,9,2015-05-12,CLE,,CHI,W 106-101,*,40:56,.649,.604,6.0,27.9,17.4,29.8,4.0,5.8,0.0,34.0,147,102,38.1,22.0
168,168,10,2015-05-14,CLE,@,CHI,W 94-73,*,41:03,.314,.304,3.0,20.3,12.4,51.8,0.0,3.9,14.3,33.0,90,91,7.9,-3.6
,,,,,,,,,,,,,,,,,,,,,,,
169,169,11,2015-05-20,CLE,@,ATL,W 97-89,*,38:02,.525,.462,3.0,20.1,11.7,34.6,1.4,0.0,11.9,40.4,107,98,20.0,6.7
170,170,12,2015-05-22,CLE,@,ATL,W 94-82,*,38:58,.559,.500,2.9,22.9,12.9,65.5,0.0,2.3,13.0,38.2,118,95,24.5,13.2
171,171,13,2015-05-24,CLE,,ATL,W 114-111 (OT),*,46:47,.447,.392,16.5,26.3,20.8,61.0,3.4,0.0,12.7,43.7,108,105,29.0,9.6
172,172,14,2015-05-26,CLE,,ATL,W 118-88,*,29:10,.528,.550,0.0,29.6,15.6,43.4,3.5,3.1,4.4,34.0,119,86,20.3,13.9
,,,,,,,,,,,,,,,,,,,,,,,
173,173,15,2015-06-04,CLE,@,GSW,L 100-108 (OT),*,45:46,.519,.500,0.0,21.5,10.0,38.3,0.0,0.0,8.6,47.4,104,117,24.8,7.6
174,174,16,2015-06-07,CLE,@,GSW,W 95-93 (OT),*,50:20,.454,.357,8.6,24.8,16.8,66.5,1.0,2.2,6.5,40.1,108,92,28.9,16.4
175,175,17,2015-06-09,CLE,,GSW,W 96-91,*,46:00,.509,.441,3.1,20.9,14.1,40.9,4.6,3.7,9.2,44.9,106,89,31.6,13.6
176,176,18,2015-06-11,CLE,,GSW,L 82-103,*,40:55,.379,.341,4.3,30.1,15.1,45.1,0.0,0.0,7.0,30.5,89,116,11.4,3.1
177,177,19,2015-06-14,CLE,@,GSW,L 91-104,*,44:46,.527,.485,2.6,36.7,18.8,74.1,1.2,0.0,5.0,42.7,119,112,30.7,13.7
178,178,20,2015-06-16,CLE,,GSW,L 97-105,*,46:42,.438,.424,6.4,32.8,19.5,49.6,2.1,0.0,14.1,38.0,94,104,20.2,6.5
179,179,1,2016-04-17,CLE,,DET,W 106-101,*,40:51,.586,.529,2.7,17.8,9.2,45.5,2.8,5.3,5.1,22.9,137,114,24.8,12.4
180,180,2,2016-04-20,CLE,,DET,W 107-90,*,39:44,.699,.722,3.5,14.4,9.4,14.2,4.0,0.0,20.6,29.9,110,95,19.5,5.8
181,181,3,2016-04-22,CLE,@,DET,W 101-91,*,42:55,.382,.354,2.9,34.4,18.6,26.1,0.0,2.2,16.0,36.1,85,108,9.7,-6.7
182,182,4,2016-04-24,CLE,@,DET,W 100-98,*,41:27,.541,.500,5.1,27.4,15.3,27.2,2.7,0.0,9.0,26.2,117,110,19.0,6.5
,,,,,,,,,,,,,,,,,,,,,,,
183,183,5,2016-05-02,CLE,,ATL,W 104-93,*,40:34,.583,.571,0.0,16.9,9.0,44.4,6.7,2.2,15.7,30.0,111,93,23.6,11.8
184,184,6,2016-05-04,CLE,,ATL,W 123-98,*,28:08,.712,.733,0.0,17.5,8.2,33.3,5.7,0.0,9.5,34.0,136,99,22.6,16.7
185,185,7,2016-05-06,CLE,@,ATL,W 121-108,*,38:58,.601,.531,6.2,31.5,19.3,30.7,2.6,0.0,20.0,26.8,125,110,21.7,5.1
186,186,8,2016-05-08,CLE,@,ATL,W 100-99,*,37:52,.432,.457,13.5,17.6,15.3,45.1,2.8,2.4,19.8,35.4,93,106,14.9,3.1
,,,,,,,,,,,,,,,,,,,,,,,
187,187,9,2016-05-17,CLE,,TOR,W 115-84,*,28:18,.813,.846,11.7,17.4,15.0,30.4,3.7,3.3,21.3,30.4,130,86,21.4,15.4
188,188,10,2016-05-19,CLE,,TOR,W 108-89,*,33:45,.562,.538,3.7,30.9,18.6,55.8,4.6,0.0,8.9,31.6,122,86,25.1,16.7
189,189,11,2016-05-21,CLE,@,TOR,L 84-99,*,38:50,.598,.559,9.9,11.2,10.5,36.6,2.9,0.0,9.1,28.7,123,116,21.2,9.2
190,190,12,2016-05-23,CLE,@,TOR,L 99-105,*,45:48,.778,.719,11.6,14.2,12.9,22.9,2.5,1.9,5.1,21.2,165,121,31.2,15.2
191,191,13,2016-05-25,CLE,,TOR,W 116-78,*,31:30,.628,.647,0.0,21.3,12.2,42.4,3.3,2.9,9.8,29.9,132,80,21.6,14.8
192,192,14,2016-05-27,CLE,@,TOR,W 113-87,*,41:15,.658,.659,7.8,25.5,18.0,28.1,1.3,6.5,10.7,35.0,128,93,29.2,12.2
,,,,,,,,,,,,,,,,,,,,,,,
193,193,15,2016-06-02,CLE,@,GSW,L 89-104,*,40:53,.505,.476,10.0,22.9,16.0,49.3,2.6,2.0,14.9,29.1,108,112,20.9,12.0
194,194,16,2016-06-05,CLE,@,GSW,L 77-110,*,33:38,.506,.441,0.0,30.9,14.3,71.3,6.1,3.0,27.2,34.5,86,106,15.1,9.3
195,195,17,2016-06-08,CLE,,GSW,W 120-90,*,40:04,.567,.558,5.8,25.1,15.7,23.0,1.3,5.6,15.1,35.7,115,92,23.5,7.6
196,196,18,2016-06-10,CLE,,GSW,L 97-108,*,45:34,.549,.548,9.4,24.9,16.5,35.9,2.5,7.0,23.5,30.3,104,119,21.2,9.6
197,197,19,2016-06-13,CLE,@,GSW,W 112-97,*,42:38,.612,.600,11.9,29.4,21.4,30.3,3.4,7.5,5.6,36.6,132,89,39.2,21.5
198,198,20,2016-06-16,CLE,,GSW,W 115-101,*,42:35,.672,.648,6.6,14.7,11.3,56.5,4.8,7.9,3.2,35.1,147,100,42.5,23.5
199,199,21,2016-06-19,CLE,@,GSW,W 93-89,*,46:49,.475,.396,2.5,22.3,13.0,47.4,2.3,7.3,15.0,32.9,98,92,23.1,11.5
200,200,1,2017-04-15,CLE,,IND,W 109-108,*,42:44,.668,.650,2.9,15.6,9.0,51.2,3.8,0.0,11.1,30.0,138,117,31.7,14.8
201,201,2,2017-04-17,CLE,,IND,W 117-111,*,42:16,.552,.550,0.0,29.1,16.2,26.9,4.8,7.1,26.1,33.4,94,102,20.1,2.1
202,202,3,2017-04-20,CLE,@,IND,W 119-114,*,45:13,.618,.630,2.5,26.0,15.0,52.8,1.1,3.9,8.3,35.5,130,114,35.4,14.4
203,203,4,2017-04-23,CLE,@,IND,W 106-102,*,44:44,.570,.540,0.0,25.5,11.9,18.6,4.4,3.7,12.1,30.8,112,97,26.3,10.0
,,,,,,,,,,,,,,,,,,,,,,,
204,204,5,2017-05-01,CLE,,TOR,W 116-105,*,41:02,.660,.609,5.6,19.9,13.1,19.7,1.2,1.9,10.2,31.5,124,105,28.2,8.2
205,205,6,2017-05-03,CLE,,TOR,W 125-103,*,36:36,.839,.857,3.7,15.6,10.2,18.8,4.0,3.6,11.4,32.5,151,97,36.0,18.2
206,206,7,2017-05-05,CLE,@,TOR,W 115-94,*,40:38,.760,.625,0.0,22.5,12.8,29.1,1.2,0.0,17.8,31.8,139,100,29.9,11.9
207,207,8,2017-05-07,CLE,@,TOR,W 109-102,*,46:11,.674,.614,3.1,20.8,12.6,22.6,0.0,1.9,18.8,33.5,115,114,25.2,3.1
,,,,,,,,,,,,,,,,,,,,,,,
208,208,9,2017-05-17,CLE,@,BOS,W 117-104,*,41:58,.659,.604,5.9,17.8,12.3,34.8,2.5,0.0,6.5,33.8,141,111,33.6,12.5
209,209,10,2017-05-19,CLE,@,BOS,W 130-86,*,32:48,.759,.778,0.0,12.7,7.0,33.7,6.0,7.4,4.8,28.4,154,77,32.2,24.6
210,210,11,2017-05-21,CLE,,BOS,L 108-111,*,45:03,.352,.308,2.8,11.6,7.6,23.0,1.2,2.1,27.7,22.9,74,124,3.6,-12.5
211,211,12,2017-05-23,CLE,,BOS,W 112-99,*,38:16,.591,.574,0.0,15.7,9.5,29.9,1.4,2.6,14.8,44.4,107,109,21.5,-1.3
212,212,13,2017-05-25,CLE,@,BOS,W 135-102,*,34:44,.813,.833,4.2,22.0,14.4,36.8,4.2,2.5,8.5,30.5,159,97,34.9,19.0
,,,,,,,,,,,,,,,,,,,,,,,
213,213,14,2017-06-01,CLE,@,GSW,L 91-113,*,40:02,.554,.500,7.1,24.8,16.5,49.9,0.0,3.3,24.0,34.1,99,108,19.1,8.3
214,214,15,2017-06-04,CLE,@,GSW,L 113-132,*,39:22,.718,.694,0.0,32.7,14.3,56.2,3.4,2.7,16.5,25.1,131,117,32.8,15.8
215,215,16,2017-06-07,CLE,,GSW,L 113-118,*,45:37,.658,.630,6.9,24.1,14.3,39.1,1.0,2.1,14.4,32.3,126,118,32.4,13.9
216,216,17,2017-06-09,CLE,,GSW,W 137-116,*,40:46,.587,.568,3.4,23.0,14.5,39.2,1.2,0.0,7.0,30.0,139,117,27.7,7.4
217,217,18,2017-06-12,CLE,@,GSW,L 120-129,*,46:13,.645,.667,5.1,27.9,16.5,30.5,2.1,2.0,5.9,31.3,136,124,36.2,12.7
218,218,1,2018-04-15,CLE,,IND,L 80-98,*,43:56,.518,.412,7.3,17.0,12.1,58.7,1.2,2.1,11.5,27.8,114,107,23.8,11.5
219,219,2,2018-04-18,CLE,,IND,W 100-97,*,39:53,.774,.750,3.3,45.7,21.9,36.4,2.6,0.0,9.2,40.3,146,102,40.9,22.5
220,220,3,2018-04-20,CLE,@,IND,L 90-92,*,41:41,.568,.545,8.9,30.5,18.9,41.0,1.3,2.5,19.6,35.3,106,103,21.5,9.8
221,221,4,2018-04-22,CLE,@,IND,W 104-100,*,46:09,.616,.545,4.7,23.8,14.7,32.3,0.0,3.5,3.7,27.9,135,107,29.8,10.0
222,222,5,2018-04-25,CLE,,IND,W 98-95,*,41:49,.719,.604,9.3,23.6,16.2,61.5,1.3,2.3,14.0,40.5,139,107,38.1,20.8
223,223,6,2018-04-27,CLE,@,IND,L 87-121,*,31:11,.604,.531,0.0,22.0,9.9,48.5,1.7,5.4,18.0,34.2,111,127,17.2,11.2
224,224,7,2018-04-29,CLE,,IND,W 105-101,*,43:25,.712,.680,5.3,17.0,10.9,54.1,5.1,0.0,11.2,38.0,140,108,38.8,20.6
,,,,,,,,,,,,,,,,,,,,,,,
225,225,8,2018-05-01,CLE,@,TOR,W 113-112 (OT),*,46:56,.398,.417,0.0,26.4,13.1,51.6,1.1,3.6,3.0,32.7,101,108,20.8,7.2
226,226,9,2018-05-03,CLE,@,TOR,W 128-110,*,40:30,.682,.696,3.4,24.4,13.7,60.4,1.3,0.0,3.1,39.7,148,121,41.6,18.0
227,227,10,2018-05-05,CLE,,TOR,W 105-103,*,41:16,.616,.558,3.3,13.8,9.1,37.5,3.9,2.8,11.5,40.5,119,108,31.0,13.6
228,228,11,2018-05-07,CLE,,TOR,W 128-93,*,38:24,.644,.632,0.0,25.0,14.5,39.3,2.7,2.0,8.2,29.8,137,97,29.3,12.6
,,,,,,,,,,,,,,,,,,,,,,,
229,229,12,2018-05-13,CLE,@,BOS,L 83-108,*,36:07,.402,.313,0.0,25.1,10.6,49.1,0.0,4.9,27.3,32.8,71,115,7.8,-3.5
230,230,13,2018-05-15,CLE,@,BOS,L 94-107,*,38:46,.629,.638,2.9,23.2,13.6,86.4,0.0,2.0,15.2,47.6,118,114,31.4,19.0
231,231,14,2018-05-19,CLE,,BOS,W 116-86,*,37:30,.823,.792,3.6,11.9,8.1,57.4,2.7,4.9,15.5,24.1,160,89,30.5,21.9
232,232,15,2018-05-21,CLE,,BOS,W 111-102,*,41:53,.652,.625,3.1,9.8,6.8,16.0,2.3,0.0,17.2,41.8,114,106,27.4,6.1
233,233,16,2018-05-23,CLE,@,BOS,L 83-96,*,39:16,.547,.523,0.0,28.4,14.6,34.8,1.3,0.0,20.2,37.4,89,102,15.3,2.1
234,234,17,2018-05-25,CLE,,BOS,W 109-99,*,46:06,.608,.591,7.6,24.5,15.3,40.2,3.5,2.3,7.3,40.2,135,109,38.8,19.2
235,235,18,2018-05-27,CLE,@,BOS,W 87-79,*,48:00,.607,.563,0.0,30.0,18.1,50.0,0.0,4.3,21.7,41.4,103,87,24.4,8.8
,,,,,,,,,,,,,,,,,,,,,,,
236,236,19,2018-05-31,CLE,@,GSW,L 114-124 (OT),*,47:32,.692,.641,8.4,11.7,9.8,39.1,1.1,2.1,12.0,39.0,138,125,41.3,20.3
237,237,20,2018-06-03,CLE,@,GSW,L 103-122,*,43:51,.605,.550,2.2,26.5,11.9,54.6,2.3,0.0,17.3,28.4,119,130,26.6,9.4
238,238,21,2018-06-06,CLE,,GSW,L 102-110,*,46:52,.531,.482,6.7,18.9,12.2,42.2,2.2,3.7,11.4,31.9,117,114,28.7,12.5
239,239,22,2018-06-08,CLE,,GSW,L 85-108,*,40:34,.645,.538,2.3,19.2,9.4,43.6,0.0,2.5,25.2,25.9,109,126,16.7,3.9
240,240,1,2020-08-18,LAL,,POR,L 93-100,*,41:03,.498,.475,3.8,40.8,18.9,79.7,1.2,0.0,14.8,26.5,106,99,25.1,12.8
241,241,2,2020-08-20,LAL,,POR,W 111-88,*,26:41,.421,.364,0.0,23.5,11.9,34.2,3.8,0.0,33.6,29.1,78,87,6.2,-5.1
242,242,3,2020-08-22,LAL,@,POR,W 116-108,*,34:29,.746,.722,3.2,30.6,18.0,47.0,2.7,0.0,23.9,40.9,119,101,30.2,13.3
243,243,4,2020-08-24,LAL,@,POR,W 135-115,*,28:18,.966,1.000,4.6,18.4,12.3,52.9,0.0,2.8,11.4,26.0,182,117,31.9,24.6
244,244,5,2020-08-29,LAL,,POR,W 131-122,*,33:52,.867,.842,0.0,32.2,16.9,50.3,1.3,2.1,19.4,31.4,144,109,34.6,16.2
,,,,,,,,,,,,,,,,,,,,,,,
245,245,6,2020-09-04,LAL,,HOU,L 97-112,*,36:34,.581,.533,2.8,26.3,12.8,35.6,0.0,6.3,18.9,26.2,109,116,16.2,3.8
246,246,7,2020-09-06,LAL,,HOU,W 117-109,*,39:16,.654,.618,0.0,33.6,17.7,31.6,5.1,9.8,24.6,32.8,111,101,25.7,7.3
247,247,8,2020-09-08,LAL,@,HOU,W 112-102,*,37:31,.657,.652,0.0,22.4,12.3,24.3,1.4,10.0,6.8,37.2,130,106,30.5,16.6
248,248,9,2020-09-10,LAL,@,HOU,W 110-100,*,33:45,.437,.412,3.8,48.6,27.4,38.7,4.5,0.0,17.9,28.6,97,100,15.9,3.4
249,249,10,2020-09-12,LAL,,HOU,W 119-96,*,30:48,.647,.583,11.1,26.5,21.2,43.7,3.2,3.9,15.2,38.9,128,89,26.1,12.7
,,,,,,,,,,,,,,,,,,,,,,,
250,250,11,2020-09-18,LAL,,DEN,W 126-114,*,30:54,.588,.545,4.1,23.5,13.1,53.8,0.0,0.0,19.0,22.2,126,121,16.1,2.6
251,251,12,2020-09-20,LAL,,DEN,W 105-103,*,36:25,.597,.575,7.1,31.2,19.3,22.1,0.0,5.3,21.6,32.0,104,105,17.1,4.1
252,252,13,2020-09-22,LAL,@,DEN,L 106-114,*,37:15,.628,.630,3.3,38.7,18.7,56.8,2.6,5.9,20.1,35.4,108,110,27.2,13.8
253,253,14,2020-09-24,LAL,@,DEN,W 114-108,*,38:21,.538,.417,3.2,28.6,15.2,34.2,0.0,0.0,0.0,29.0,135,124,22.9,5.8
254,254,15,2020-09-26,LAL,,DEN,W 117-107,*,40:01,.666,.620,11.2,33.2,24.3,50.0,1.2,0.0,6.6,35.6,140,107,37.3,14.0
,,,,,,,,,,,,,,,,,,,,,,,
255,255,16,2020-09-30,LAL,,MIA,W 116-98,*,36:24,.636,.588,3.3,31.6,19.0,45.4,1.4,0.0,9.2,26.5,134,103,24.7,9.0
256,256,17,2020-10-02,LAL,,MIA,W 124-114,*,39:09,.607,.620,5.2,25.2,13.6,34.7,1.3,2.8,0.0,29.4,144,124,30.6,14.9
257,257,18,2020-10-04,LAL,@,MIA,L 104-115,*,39:13,.626,.594,2.7,31.5,15.3,42.6,0.0,5.3,28.6,30.9,100,117,17.8,2.1
258,258,19,2020-10-06,LAL,@,MIA,W 102-96,*,38:38,.658,.563,5.9,31.9,18.4,39.7,1.4,0.0,22.0,32.8,117,105,23.4,8.1
259,259,20,2020-10-09,LAL,,MIA,L 108-111,*,41:51,.846,.857,9.1,30.2,19.6,38.6,3.7,0.0,14.5,29.8,152,115,39.1,23.2
260,260,21,2020-10-11,LAL,@,MIA,W 106-93,*,41:13,.643,.675,7.9,29.8,18.7,41.8,1.3,0.0,4.4,24.7,142,99,29.2,16.2
261,261,1,2021-05-23,LAL,@,PHO,L 90-99,*,36:04,.575,.577,3.2,20.5,11.6,53.2,4.6,0.0,24.2,26.8,104,106,17.2,12.0
262,262,2,2021-05-25,LAL,@,PHO,W 109-102,*,38:54,.700,.688,0.0,14.1,7.1,44.6,2.7,0.0,5.7,21.4,144,114,22.7,12.5
263,263,3,2021-05-27,LAL,,PHO,W 109-95,*,37:45,.517,.500,3.0,14.4,8.9,43.1,1.3,0.0,25.6,29.1,95,101,13.4,2.8
264,264,4,2021-05-30,LAL,,PHO,L 92-100,*,37:50,.519,.500,5.2,25.4,15.4,39.4,1.3,0.0,19.9,36.3,93,103,16.3,3.3
265,265,5,2021-06-01,LAL,@,PHO,L 85-115,*,31:39,.632,.632,2.8,13.8,7.7,69.2,0.0,0.0,13.6,30.5,118,117,17.7,15.0
266,266,6,2021-06-03,LAL,,PHO,L 100-113,*,41:25,.506,.481,5.2,25.4,13.5,32.1,2.7,6.1,9.5,34.9,106,122,22.8,10.7
267,267,1,2023-04-16,LAL,@,MEM,W 128-112,*,34:01,.591,.594,7.4,31.0,19.6,18.7,2.8,8.0,22.0,28.4,106,103,18.5,6.7
268,268,2,2023-04-19,LAL,@,MEM,L 93-103,*,38:53,.565,.543,5.0,26.3,15.4,18.3,1.3,2.3,3.9,29.9,116,106,23.1,10.7
269,269,3,2023-04-22,LAL,,MEM,W 111-101,*,36:00,.542,.500,6.2,17.0,12.2,24.1,1.3,2.5,11.5,30.3,110,102,18.7,5.1
270,270,4,2023-04-24,LAL,,MEM,W 117-111 (OT),*,45:28,.522,.472,12.7,31.8,23.1,25.8,0.0,3.6,4.5,21.0,126,99,23.9,8.0
271,271,5,2023-04-26,LAL,@,MEM,L 99-116,*,36:57,.382,.324,5.0,19.2,12.3,21.3,1.3,2.2,20.3,28.1,76,115,7.9,-5.4
272,272,6,2023-04-28,LAL,,MEM,W 125-85,*,31:15,.768,.769,3.8,10.8,7.9,26.2,1.5,0.0,17.3,24.1,133,91,19.4,8.5
,,,,,,,,,,,,,,,,,,,,,,,
273,273,7,2023-05-02,LAL,@,GSW,W 117-112,*,40:05,.427,.396,5.0,20.0,12.9,14.9,0.0,6.8,13.4,31.6,87,113,13.4,-3.3
274,274,8,2023-05-04,LAL,@,GSW,L 100-127,*,28:07,.639,.639,0.0,27.2,12.6,22.3,1.7,0.0,0.0,27.8,124,123,18.4,10.0
275,275,9,2023-05-06,LAL,,GSW,W 127-97,*,32:23,.723,.636,4.4,20.0,13.8,35.8,0.0,3.2,0.0,19.9,166,99,24.4,14.6
276,276,10,2023-05-08,LAL,,GSW,W 104-101,*,42:57,.496,.440,5.7,18.2,12.3,24.1,0.0,2.5,9.9,31.0,103,106,17.7,3.5
277,277,11,2023-05-10,LAL,@,GSW,L 106-121,*,39:10,.666,.618,2.7,24.5,12.8,11.9,2.4,2.2,17.6,25.9,111,115,19.4,4.5
278,278,12,2023-05-12,LAL,,GSW,W 122-101,*,43:08,.796,.786,0.0,16.7,10.1,35.9,2.4,2.0,9.6,23.3,154,103,31.9,15.2
,,,,,,,,,,,,,,,,,,,,,,,
279,279,13,2023-05-16,LAL,@,DEN,L 126-132,*,39:52,.624,.563,9.8,27.1,18.8,30.8,0.0,2.0,12.6,28.0,129,137,25.6,4.3
280,280,14,2023-05-18,LAL,@,DEN,L 103-108,*,40:08,.530,.474,0.0,22.9,12.1,47.4,4.8,4.7,12.6,27.0,104,99,23.6,10.7
281,281,15,2023-05-20,LAL,,DEN,L 108-119,*,42:57,.521,.500,0.0,20.1,9.3,46.2,0.0,0.0,8.3,24.7,116,128,19.4,6.5
282,282,16,2023-05-22,LAL,,DEN,L 111-113,*,47:56,.712,.680,5.4,19.5,12.8,36.1,2.2,0.0,3.4,28.2,150,123,38.8,20.0
283,283,1,2024-04-20,LAL,@,DEN,L 103-114,*,40:45,.742,.719,5.9,9.6,7.9,34.6,1.3,2.0,27.8,29.9,114,126,21.9,7.3
284,284,2,2024-04-22,LAL,@,DEN,L 99-101,*,38:03,.589,.553,0.0,23.5,12.2,56.8,2.7,4.7,8.3,31.1,125,101,26.5,17.1
285,285,3,2024-04-25,LAL,,DEN,L 105-112,*,42:09,.623,.625,0.0,15.5,7.7,33.8,2.4,1.8,12.6,26.0,117,114,23.0,8.4
286,286,4,2024-04-27,LAL,,DEN,W 119-108,*,38:50,.628,.609,3.2,10.5,7.2,16.1,3.7,2.2,20.1,33.3,104,102,21.9,5.9
287,287,5,2024-04-29,LAL,@,DEN,L 106-108,*,44:05,.623,.595,2.3,22.3,11.4,44.3,4.7,0.0,4.0,26.3,135,109,31.1,14.4
288,288,1,2025-04-19,LAL,,MIN,L 95-117,*,36:15,.503,.472,2.9,14.7,8.1,17.7,3.1,9.0,17.5,29.4,95,126,13.7,2.4
289,289,2,2025-04-22,LAL,,MIN,W 94-85,*,39:37,.506,.447,10.7,23.6,17.8,34.9,1.4,2.2,8.8,28.2,114,93,18.4,7.3
290,290,3,2025-04-25,LAL,@,MIN,L 104-116,*,41:10,.748,.738,9.7,20.4,15.3,21.4,2.4,4.2,3.8,29.1,152,114,36.7,19.6
291,291,4,2025-04-27,LAL,@,MIN,L 113-116,*,46:14,.798,.667,7.4,19.5,13.8,27.0,3.4,5.8,15.1,20.1,158,118,33.2,13.8
292,292,5,2025-04-30,LAL,,MIN,L 96-103,*,40:27,.465,.452,5.4,12.6,9.1,31.9,2.5,0.0,11.3,30.4,95,107,15.0,2.9
293,293,1,2026-04-18,LAL,,HOU,W 107-98,*,38:26,.598,.633,0.0,18.9,12.6,56.5,2.7,2.1,11.2,22.9,130,100,22.3,9.1
294,294,2,2026-04-21,LAL,,HOU,W 101-94,*,39:12,.535,.450,3.6,19.0,12.4,36.9,1.4,0.0,10.3,36.0,115,106,20.1,1.3
295,295,3,2026-04-24,LAL,@,HOU,W 112-108 (OT),*,45:04,.588,.545,0.0,28.3,16.3,26.9,3.4,2.0,24.5,33.6,93,95,20.6,1.8
296,296,4,2026-04-26,LAL,@,HOU,L 96-115,*,33:13,.430,.222,0.0,15.2,8.0,38.1,0.0,0.0,40.7,26.5,75,127,3.2,-12.6
297,297,5,2026-04-29,LAL,,HOU,L 93-99,*,39:25,.512,.450,0.0,10.7,4.9,40.5,2.8,0.0,7.6,31.2,113,113,18.8,6.6
298,298,6,2026-05-01,LAL,@,HOU,W 98-78,*,37:07,.491,.440,2.5,16.5,9.1,44.8,0.0,0.0,9.5,36.9,108,88,18.0,7.0
,,,,,,,,,,,,,,,,,,,,,,,
299,299,7,2026-05-05,LAL,@,OKC,L 90-108,*,36:18,.774,.794,2.8,10.4,6.2,41.5,1.4,0.0,10.3,23.6,137,117,23.9,14.3
300,300,8,2026-05-07,LAL,@,OKC,L 107-125,*,37:47,.582,.528,3.8,4.4,4.1,27.7,4.1,0.0,13.2,26.7,119,130,18.8,5.3
301,301,9,2026-05-09,LAL,,OKC,L 108-131,*,36:51,.458,.421,0.0,22.3,9.8,36.1,1.4,0.0,12.6,28.4,102,139,13.1,-3.4
,,,,,,,188-113,301,12408,.583,.536,4.3,21.2,12.9,35.5,2.2,2.0,12.9,31.9,116,105,23.2,9.9